"totalTime","numInputGranules","totalGranuleSize","harmonyGdalAdapter","harmonyServiceExample","harmonyNetcdfToZarr","swotReproject","varSubsetter","sdsMaskfill","trajectorySubsetter","podaacConcise","podaacL2Subsetter","giovanniAdapter"
14.218,1,8.28893089294434,0,0,0,0,0,0,0,0,1,0
17.724,1,2.24,0,0,0,0,1,0,0,0,0,0
13.319,1,2.24,0,0,0,0,1,0,0,0,0,0
8.161,1,1.3701868057251,0,1,0,0,0,0,0,0,0,0
15.224,1,0.738396644592285,0,0,1,0,0,0,0,0,0,0
14.649,1,54.8008298874,0,0,0,0,1,0,0,0,0,0
24.809,1,20.0407552719116,0,0,1,0,0,0,0,0,1,0
9.031,1,2.24,0,0,0,0,1,0,0,0,0,0
9.294,1,8.28893089294434,0,0,0,0,0,0,0,0,1,0
9.947,1,8.28893089294434,0,0,0,0,0,0,0,0,1,0
24.237,1,0.738396644592285,0,0,1,0,0,0,0,0,0,0
7.014,1,8.28893089294434,0,0,0,0,0,0,0,0,1,0
20.026,1,0.738396644592285,0,0,1,0,0,0,0,0,0,0
10.664,1,1.3701868057251,0,1,0,0,0,0,0,0,0,0
7.043,1,8.28893089294434,0,0,0,0,0,0,0,0,1,0
18.742,1,0.738396644592285,0,0,1,0,0,0,0,0,0,0
12.957,1,0.738396644592285,0,0,1,0,0,0,0,0,0,0
46.475,1,20.0407552719116,0,0,1,0,0,0,0,0,1,0
48.445,1,20.0407552719116,0,0,1,0,0,0,0,0,1,0
10.557,1,54.8008298874,0,0,0,0,1,0,0,0,0,0
12.56,1,8.28893089294434,0,0,0,0,0,0,0,0,1,0
63.21,1,20.0407552719116,0,0,1,0,0,0,0,0,1,0
15.371,1,54.8008298874,0,0,0,0,1,0,0,0,0,0
48.528,48,47.9316864013672,0,0,1,0,0,0,0,0,0,0
26.675,1,20.0407552719116,0,0,1,0,0,0,0,0,1,0
7.458,1,0.998874664306641,0,0,0,1,0,0,0,0,0,0
22.904,1,20.0407552719116,0,0,1,0,0,0,0,0,1,0
22.535,1,54.8008298874,0,0,0,0,1,0,0,0,0,0
14.947,1,54.8008298874,0,0,0,0,1,0,0,0,0,0
22.615,1,1.3701868057251,0,1,0,0,0,0,0,0,0,0
17.793,1,0.738396644592285,0,0,1,0,0,0,0,0,0,0
17.617,1,54.8008298874,0,0,0,0,1,0,0,0,0,0
10.087,1,54.8008298874,0,0,0,0,1,0,0,0,0,0
27.756,1,1.3701868057251,0,1,0,0,0,0,0,0,0,0
15.532,1,0.998874664306641,0,0,0,1,0,0,0,0,0,0
19.691,1,1.3701868057251,0,1,0,0,0,0,0,0,0,0
12.629,1,1.3701868057251,0,1,0,0,0,0,0,0,0,0
5.245,1,1.3701868057251,0,1,0,0,0,0,0,0,0,0
13.173,1,0.998874664306641,0,0,0,1,0,0,0,0,0,0
18.662,1,2.24,0,0,0,0,1,0,0,0,0,0
12.593,1,2.24,0,0,0,0,1,0,0,0,0,0
23.192,1,20.0407552719116,0,0,1,0,0,0,0,0,1,0
26.857,1,20.0407552719116,0,0,1,0,0,0,0,0,1,0
12.585,1,54.8008298874,0,0,0,0,1,0,0,0,0,0
11.358,1,1.3701868057251,0,1,0,0,0,0,0,0,0,0
8.651,1,2.24,0,0,0,0,1,0,0,0,0,0
9.276,1,8.28893089294434,0,0,0,0,0,0,0,0,1,0
13.918,1,0.998874664306641,0,0,0,1,0,0,0,0,0,0
4.672,1,54.8008298874,0,0,0,0,1,0,0,0,0,0
25.301,1,20.0407552719116,0,0,1,0,0,0,0,0,1,0
12.631,1,8.28893089294434,0,0,0,0,0,0,0,0,1,0
18.889,2,16.9348630905151,0,0,0,0,0,0,0,1,0,0
10.068,1,2.24,0,0,0,0,1,0,0,0,0,0
13.526,1,0.998874664306641,0,0,0,1,0,0,0,0,0,0
7.395,1,2.24,0,0,0,0,1,0,0,0,0,0
8.382,1,1.3701868057251,0,1,0,0,0,0,0,0,0,0
33.801,1,20.0407552719116,0,0,1,0,0,0,0,0,1,0
14.412,2,16.9348630905151,0,0,0,0,0,0,0,1,0,0
7.63,1,8.28893089294434,0,0,0,0,0,0,0,0,1,0
7.077,1,54.8008298874,0,0,0,0,1,0,0,0,0,0
27.767,1,0.738396644592285,0,0,1,0,0,0,0,0,0,0
6.286,1,8.28893089294434,0,0,0,0,0,0,0,0,1,0
33.604,1,20.0407552719116,0,0,1,0,0,0,0,0,1,0
20.03,2,16.9348630905151,0,0,0,0,0,0,0,1,0,0
7.251,1,1.3701868057251,0,1,0,0,0,0,0,0,0,0
9.238,1,2.24,0,0,0,0,1,0,0,0,0,0
59.878,48,47.9316864013672,0,0,1,0,0,0,0,0,0,0
8.637,1,0.998874664306641,0,0,0,1,0,0,0,0,0,0
35.838,1,20.0407552719116,0,0,1,0,0,0,0,0,1,0
11.512,1,2.24,0,0,0,0,1,0,0,0,0,0
23.009,2,16.9348630905151,0,0,0,0,0,0,0,1,0,0
18.012,2,16.9348630905151,0,0,0,0,0,0,0,1,0,0
9.858,1,8.28893089294434,0,0,0,0,0,0,0,0,1,0
6.863,1,8.28893089294434,0,0,0,0,0,0,0,0,1,0
15.246,1,54.8008298874,0,0,0,0,1,0,0,0,0,0
13.177,1,2.24,0,0,0,0,1,0,0,0,0,0
20.3,2,16.9348630905151,0,0,0,0,0,0,0,1,0,0
9.963,1,54.8008298874,0,0,0,0,1,0,0,0,0,0
26.822,1,20.0407552719116,0,0,1,0,0,0,0,0,1,0
24.665,1,20.0407552719116,0,0,1,0,0,0,0,0,1,0
9.519,1,54.8008298874,0,0,0,0,1,0,0,0,0,0
18.512,2,16.9348630905151,0,0,0,0,0,0,0,1,0,0
9.868,1,1.3701868057251,0,1,0,0,0,0,0,0,0,0
10.449,1,8.28893089294434,0,0,0,0,0,0,0,0,1,0
12.334,1,8.28893089294434,0,0,0,0,0,0,0,0,1,0
11.477,1,2.24,0,0,0,0,1,0,0,0,0,0
7.731,1,1.3701868057251,0,1,0,0,0,0,0,0,0,0
9.571,1,8.28893089294434,0,0,0,0,0,0,0,0,1,0
64.002,48,47.9316864013672,0,0,1,0,0,0,0,0,0,0
30.151,1,20.0407552719116,0,0,1,0,0,0,0,0,1,0
30.499,1,0.738396644592285,0,0,1,0,0,0,0,0,0,0
34.267,1,0.738396644592285,0,0,1,0,0,0,0,0,0,0
14.347,1,0.998874664306641,0,0,0,1,0,0,0,0,0,0
29.467,1,20.0407552719116,0,0,1,0,0,0,0,0,1,0
9.837,1,8.28893089294434,0,0,0,0,0,0,0,0,1,0
32.015,1,0.738396644592285,0,0,1,0,0,0,0,0,0,0
24.282,1,20.0407552719116,0,0,1,0,0,0,0,0,1,0
11.479,1,54.8008298874,0,0,0,0,1,0,0,0,0,0
6.95,1,8.28893089294434,0,0,0,0,0,0,0,0,1,0
24.356,1,0.738396644592285,0,0,1,0,0,0,0,0,0,0
23.425,1,20.0407552719116,0,0,1,0,0,0,0,0,1,0
17.924,1,0.738396644592285,0,0,1,0,0,0,0,0,0,0
8.135,1,0.998874664306641,0,0,0,1,0,0,0,0,0,0
26.933,2,16.9348630905151,0,0,0,0,0,0,0,1,0,0
13.684,1,2.24,0,0,0,0,1,0,0,0,0,0
25.281,1,2.24,0,0,0,0,1,0,0,0,0,0
9.098,1,54.8008298874,0,0,0,0,1,0,0,0,0,0
9.65,1,1.3701868057251,0,1,0,0,0,0,0,0,0,0
11.169,1,0.998874664306641,0,0,0,1,0,0,0,0,0,0
46.736,1,0.738396644592285,0,0,1,0,0,0,0,0,0,0
38.5,1,20.0407552719116,0,0,1,0,0,0,0,0,1,0
26.08,1,0.738396644592285,0,0,1,0,0,0,0,0,0,0
9.218,1,54.8008298874,0,0,0,0,1,0,0,0,0,0
10.22,1,54.8008298874,0,0,0,0,1,0,0,0,0,0
7.225,1,0.998874664306641,0,0,0,1,0,0,0,0,0,0
9.83,1,8.28893089294434,0,0,0,0,0,0,0,0,1,0
9.212,1,2.24,0,0,0,0,1,0,0,0,0,0
37.616,1,20.0407552719116,0,0,1,0,0,0,0,0,1,0
16.321,1,0.998874664306641,0,0,0,1,0,0,0,0,0,0
88.979,2,16.9348630905151,0,0,0,0,0,0,0,1,0,0
8.226,1,8.28893089294434,0,0,0,0,0,0,0,0,1,0
10.432,1,2.24,0,0,0,0,1,0,0,0,0,0
10.183,1,54.8008298874,0,0,0,0,1,0,0,0,0,0
43.943,50,1065.02231025696,0,0,0,0,0,0,0,0,1,0
43.312,1,20.0407552719116,0,0,1,0,0,0,0,0,1,0
9.234,1,2.24,0,0,0,0,1,0,0,0,0,0
7.093,1,1.3701868057251,0,1,0,0,0,0,0,0,0,0
10.501,1,8.28893089294434,0,0,0,0,0,0,0,0,1,0
108.211,50,423.28272819519,0,0,0,0,0,0,0,1,0,0
14.727,1,0.998874664306641,0,0,0,1,0,0,0,0,0,0
6.321,1,1.3701868057251,0,1,0,0,0,0,0,0,0,0
10.517,1,54.8008298874,0,0,0,0,1,0,0,0,0,0
12.086,1,8.28893089294434,0,0,0,0,0,0,0,0,1,0
17.041,2,16.9348630905151,0,0,0,0,0,0,0,1,0,0
10.844,1,2.24,0,0,0,0,1,0,0,0,0,0
7.886,1,8.28893089294434,0,0,0,0,0,0,0,0,1,0
11.414,1,54.8008298874,0,0,0,0,1,0,0,0,0,0
11.011,1,54.8008298874,0,0,0,0,1,0,0,0,0,0
6.82,1,0.998874664306641,0,0,0,1,0,0,0,0,0,0
12.658,1,2.24,0,0,0,0,1,0,0,0,0,0
10.822,1,2.24,0,0,0,0,1,0,0,0,0,0
10.274,1,2.24,0,0,0,0,1,0,0,0,0,0
13.729,1,0.998874664306641,0,0,0,1,0,0,0,0,0,0
29.32,1,20.0407552719116,0,0,1,0,0,0,0,0,1,0
10.604,1,2.24,0,0,0,0,1,0,0,0,0,0
33.219,1,20.0407552719116,0,0,1,0,0,0,0,0,1,0
10.932,1,2.24,0,0,0,0,1,0,0,0,0,0
4.74,1,54.8008298874,0,0,0,0,1,0,0,0,0,0
14.073,1,0.738396644592285,0,0,1,0,0,0,0,0,0,0
4.672,1,2.24,0,0,0,0,1,0,0,0,0,0
17.439,1,0.738396644592285,0,0,1,0,0,0,0,0,0,0
9.605,1,1.3701868057251,0,1,0,0,0,0,0,0,0,0
7.839,1,1.3701868057251,0,1,0,0,0,0,0,0,0,0
11.252,1,2.24,0,0,0,0,1,0,0,0,0,0
33.458,1,20.0407552719116,0,0,1,0,0,0,0,0,1,0
29.036,1,20.0407552719116,0,0,1,0,0,0,0,0,1,0
17.759,2,16.9348630905151,0,0,0,0,0,0,0,1,0,0
6.595,1,2.24,0,0,0,0,1,0,0,0,0,0
30.871,1,20.0407552719116,0,0,1,0,0,0,0,0,1,0
7.599,1,1.3701868057251,0,1,0,0,0,0,0,0,0,0
7.217,1,54.8008298874,0,0,0,0,1,0,0,0,0,0
8.021,1,2.24,0,0,0,0,1,0,0,0,0,0
81.385,50,25.485445022583,0,1,0,0,0,0,0,0,0,0
37.117,1,20.0407552719116,0,0,1,0,0,0,0,0,1,0
10.894,1,2.24,0,0,0,0,1,0,0,0,0,0
16.919,1,0.998874664306641,0,0,0,1,0,0,0,0,0,0
9.765,1,8.28893089294434,0,0,0,0,0,0,0,0,1,0
15.888,1,0.998874664306641,0,0,0,1,0,0,0,0,0,0
7.225,1,2.24,0,0,0,0,1,0,0,0,0,0
21.256,1,20.0407552719116,0,0,1,0,0,0,0,0,1,0
9.637,1,0.998874664306641,0,0,0,1,0,0,0,0,0,0
15.39,1,1.3701868057251,0,1,0,0,0,0,0,0,0,0
8.068,1,1.3701868057251,0,1,0,0,0,0,0,0,0,0
15.834,1,0.738396644592285,0,0,1,0,0,0,0,0,0,0
6.901,1,8.28893089294434,0,0,0,0,0,0,0,0,1,0
19.439,1,0.738396644592285,0,0,1,0,0,0,0,0,0,0
12.7,1,0.738396644592285,0,0,1,0,0,0,0,0,0,0
24.544,1,20.0407552719116,0,0,1,0,0,0,0,0,1,0
9.375,1,54.8008298874,0,0,0,0,1,0,0,0,0,0
17.103,1,0.738396644592285,0,0,1,0,0,0,0,0,0,0
6.732,1,8.28893089294434,0,0,0,0,0,0,0,0,1,0
6.613,1,2.24,0,0,0,0,1,0,0,0,0,0
10.906,1,54.8008298874,0,0,0,0,1,0,0,0,0,0
6.158,1,54.8008298874,0,0,0,0,1,0,0,0,0,0
26.786,1,20.0407552719116,0,0,1,0,0,0,0,0,1,0
7.666,1,0.998874664306641,0,0,0,1,0,0,0,0,0,0
7.451,1,54.8008298874,0,0,0,0,1,0,0,0,0,0
29.055,2,16.9348630905151,0,0,0,0,0,0,0,1,0,0
24.135,1,0.738396644592285,0,0,1,0,0,0,0,0,0,0
21.086,1,0.738396644592285,0,0,1,0,0,0,0,0,0,0
12.14,1,8.28893089294434,0,0,0,0,0,0,0,0,1,0
10.571,1,1.3701868057251,0,1,0,0,0,0,0,0,0,0
48.164,50,1065.02231025696,0,0,0,0,0,0,0,0,1,0
9.624,1,2.24,0,0,0,0,1,0,0,0,0,0
4.575,1,1.3701868057251,0,1,0,0,0,0,0,0,0,0
9.799,1,2.24,0,0,0,0,1,0,0,0,0,0
21.601,1,0.738396644592285,0,0,1,0,0,0,0,0,0,0
14.239,1,0.998874664306641,0,0,0,1,0,0,0,0,0,0
10.855,1,0.998874664306641,0,0,0,1,0,0,0,0,0,0
16.936,2,16.9348630905151,0,0,0,0,0,0,0,1,0,0
53.231,48,47.9316864013672,0,0,1,0,0,0,0,0,0,0
14.233,1,0.738396644592285,0,0,1,0,0,0,0,0,0,0
17.293,1,54.8008298874,0,0,0,0,1,0,0,0,0,0
12.534,1,54.8008298874,0,0,0,0,1,0,0,0,0,0
9.27,1,54.8008298874,0,0,0,0,1,0,0,0,0,0
5.452,1,2.24,0,0,0,0,1,0,0,0,0,0
21.302,1,0.738396644592285,0,0,1,0,0,0,0,0,0,0
23.068,1,20.0407552719116,0,0,1,0,0,0,0,0,1,0
6.043,1,1.3701868057251,0,1,0,0,0,0,0,0,0,0
7.1,1,0.998874664306641,0,0,0,1,0,0,0,0,0,0
9.104,1,8.28893089294434,0,0,0,0,0,0,0,0,1,0
22.787,1,20.0407552719116,0,0,1,0,0,0,0,0,1,0
4.528,1,1.3701868057251,0,1,0,0,0,0,0,0,0,0
6.461,1,1.3701868057251,0,1,0,0,0,0,0,0,0,0
10.23,1,2.24,0,0,0,0,1,0,0,0,0,0
10.324,1,8.28893089294434,0,0,0,0,0,0,0,0,1,0
7.872,1,2.24,0,0,0,0,1,0,0,0,0,0
5.926,1,54.8008298874,0,0,0,0,1,0,0,0,0,0
19.521,1,0.998874664306641,0,0,0,1,0,0,0,0,0,0
9.738,1,0.998874664306641,0,0,0,1,0,0,0,0,0,0
40.041,1,20.0407552719116,0,0,1,0,0,0,0,0,1,0
12.775,1,54.8008298874,0,0,0,0,1,0,0,0,0,0
44.025,1,20.0407552719116,0,0,1,0,0,0,0,0,1,0
24.159,1,0.998874664306641,0,0,0,1,0,0,0,0,0,0
15.505,1,0.738396644592285,0,0,1,0,0,0,0,0,0,0
20.798,1,54.8008298874,0,0,0,0,1,0,0,0,0,0
45.533,50,1065.02231025696,0,0,0,0,0,0,0,0,1,0
17.342,1,54.8008298874,0,0,0,0,1,0,0,0,0,0
10.667,1,2.24,0,0,0,0,1,0,0,0,0,0
9.904,1,0.998874664306641,0,0,0,1,0,0,0,0,0,0
35.501,1,0.738396644592285,0,0,1,0,0,0,0,0,0,0
8.52,1,1.3701868057251,0,1,0,0,0,0,0,0,0,0
5.159,1,1.3701868057251,0,1,0,0,0,0,0,0,0,0
33.932,1,20.0407552719116,0,0,1,0,0,0,0,0,1,0
36.41,1,20.0407552719116,0,0,1,0,0,0,0,0,1,0
9.576,1,0.998874664306641,0,0,0,1,0,0,0,0,0,0
27.151,1,0.738396644592285,0,0,1,0,0,0,0,0,0,0
6.297,1,2.24,0,0,0,0,1,0,0,0,0,0
7.316,1,8.28893089294434,0,0,0,0,0,0,0,0,1,0
35.082,1,0.738396644592285,0,0,1,0,0,0,0,0,0,0
23.946,1,0.738396644592285,0,0,1,0,0,0,0,0,0,0
12.554,1,2.24,0,0,0,0,1,0,0,0,0,0
12.379,2,16.9348630905151,0,0,0,0,0,0,0,1,0,0
8.016,1,2.24,0,0,0,0,1,0,0,0,0,0
10.912,1,0.998874664306641,0,0,0,1,0,0,0,0,0,0
39.542,1,20.0407552719116,0,0,1,0,0,0,0,0,1,0
30.171,1,20.0407552719116,0,0,1,0,0,0,0,0,1,0
9.383,1,8.28893089294434,0,0,0,0,0,0,0,0,1,0
7.725,1,1.3701868057251,0,1,0,0,0,0,0,0,0,0
24.688,1,20.0407552719116,0,0,1,0,0,0,0,0,1,0
13.779,1,1.3701868057251,0,1,0,0,0,0,0,0,0,0
13.148,1,0.998874664306641,0,0,0,1,0,0,0,0,0,0
11.467,1,1.3701868057251,0,1,0,0,0,0,0,0,0,0
35.177,1,0.738396644592285,0,0,1,0,0,0,0,0,0,0
27.617,1,20.0407552719116,0,0,1,0,0,0,0,0,1,0
29.317,1,0.738396644592285,0,0,1,0,0,0,0,0,0,0
10.537,1,54.8008298874,0,0,0,0,1,0,0,0,0,0
39.457,50,1065.02231025696,0,0,0,0,0,0,0,0,1,0
8.044,1,8.28893089294434,0,0,0,0,0,0,0,0,1,0
22.928,1,20.0407552719116,0,0,1,0,0,0,0,0,1,0
9.562,1,54.8008298874,0,0,0,0,1,0,0,0,0,0
11.196,1,1.3701868057251,0,1,0,0,0,0,0,0,0,0
35.231,1,0.738396644592285,0,0,1,0,0,0,0,0,0,0
21.529,1,0.998874664306641,0,0,0,1,0,0,0,0,0,0
9.6,1,1.3701868057251,0,1,0,0,0,0,0,0,0,0
10.967,1,2.24,0,0,0,0,1,0,0,0,0,0
7.941,1,2.24,0,0,0,0,1,0,0,0,0,0
8.459,1,8.28893089294434,0,0,0,0,0,0,0,0,1,0
25.659,1,20.0407552719116,0,0,1,0,0,0,0,0,1,0
49.234,1,0.998874664306641,0,0,0,1,0,0,0,0,0,0
8.62,1,8.28893089294434,0,0,0,0,0,0,0,0,1,0
22.576,1,20.0407552719116,0,0,1,0,0,0,0,0,1,0
21.805,1,20.0407552719116,0,0,1,0,0,0,0,0,1,0
28.993,1,0.998874664306641,0,0,0,1,0,0,0,0,0,0
12.373,1,0.738396644592285,0,0,1,0,0,0,0,0,0,0
8.844,1,8.28893089294434,0,0,0,0,0,0,0,0,1,0
14.375,2,16.9348630905151,0,0,0,0,0,0,0,1,0,0
24.307,1,0.998874664306641,0,0,0,1,0,0,0,0,0,0
28.959,1,2.24,0,0,0,0,1,0,0,0,0,0
4.582,1,1.3701868057251,0,1,0,0,0,0,0,0,0,0
25.793,1,54.8008298874,0,0,0,0,1,0,0,0,0,0
13.752,1,54.8008298874,0,0,0,0,1,0,0,0,0,0
29.866,1,0.998874664306641,0,0,0,1,0,0,0,0,0,0
18.249,1,0.998874664306641,0,0,0,1,0,0,0,0,0,0
10.431,1,1.3701868057251,0,1,0,0,0,0,0,0,0,0
7.926,1,2.24,0,0,0,0,1,0,0,0,0,0
49.624,48,47.9316864013672,0,0,1,0,0,0,0,0,0,0
12.007,2,16.9348630905151,0,0,0,0,0,0,0,1,0,0
9.198,1,1.3701868057251,0,1,0,0,0,0,0,0,0,0
11.551,1,0.738396644592285,0,0,1,0,0,0,0,0,0,0
12.453,1,0.998874664306641,0,0,0,1,0,0,0,0,0,0
13.101,1,0.738396644592285,0,0,1,0,0,0,0,0,0,0
5.702,1,1.3701868057251,0,1,0,0,0,0,0,0,0,0
17.858,1,2.24,0,0,0,0,1,0,0,0,0,0
14.009,1,54.8008298874,0,0,0,0,1,0,0,0,0,0
8.384,1,2.24,0,0,0,0,1,0,0,0,0,0
6.798,1,8.28893089294434,0,0,0,0,0,0,0,0,1,0
17.236,1,0.738396644592285,0,0,1,0,0,0,0,0,0,0
11.887,1,0.738396644592285,0,0,1,0,0,0,0,0,0,0
20.687,2,16.9348630905151,0,0,0,0,0,0,0,1,0,0
11.268,1,8.28893089294434,0,0,0,0,0,0,0,0,1,0
11.717,1,0.738396644592285,0,0,1,0,0,0,0,0,0,0
22.824,1,54.8008298874,0,0,0,0,1,0,0,0,0,0
21.66,1,0.998874664306641,0,0,0,1,0,0,0,0,0,0
14.454,1,54.8008298874,0,0,0,0,1,0,0,0,0,0
14.62,1,54.8008298874,0,0,0,0,1,0,0,0,0,0
6.589,1,2.24,0,0,0,0,1,0,0,0,0,0
9.425,1,1.3701868057251,0,1,0,0,0,0,0,0,0,0
8.267,1,1.3701868057251,0,1,0,0,0,0,0,0,0,0
26.49,1,20.0407552719116,0,0,1,0,0,0,0,0,1,0
20.847,1,20.0407552719116,0,0,1,0,0,0,0,0,1,0
7.515,1,1.3701868057251,0,1,0,0,0,0,0,0,0,0
7.849,1,0.998874664306641,0,0,0,1,0,0,0,0,0,0
15.996,1,2.24,0,0,0,0,1,0,0,0,0,0
9.309,1,2.24,0,0,0,0,1,0,0,0,0,0
82.151,50,25.485445022583,0,1,0,0,0,0,0,0,0,0
9.299,1,8.28893089294434,0,0,0,0,0,0,0,0,1,0
12.384,1,0.738396644592285,0,0,1,0,0,0,0,0,0,0
9.18,1,1.3701868057251,0,1,0,0,0,0,0,0,0,0
32.182,1,20.0407552719116,0,0,1,0,0,0,0,0,1,0
40.185,50,1065.02231025696,0,0,0,0,0,0,0,0,1,0
30.194,1,20.0407552719116,0,0,1,0,0,0,0,0,1,0
7.529,1,1.3701868057251,0,1,0,0,0,0,0,0,0,0
9.475,1,8.28893089294434,0,0,0,0,0,0,0,0,1,0
15.56,1,2.24,0,0,0,0,1,0,0,0,0,0
7.492,1,2.24,0,0,0,0,1,0,0,0,0,0
33.798,1,20.0407552719116,0,0,1,0,0,0,0,0,1,0
14.85,1,0.998874664306641,0,0,0,1,0,0,0,0,0,0
6.639,1,1.3701868057251,0,1,0,0,0,0,0,0,0,0
36.334,2,16.9348630905151,0,0,0,0,0,0,0,1,0,0
10.156,1,54.8008298874,0,0,0,0,1,0,0,0,0,0
5.955,1,8.28893089294434,0,0,0,0,0,0,0,0,1,0
12.459,1,54.8008298874,0,0,0,0,1,0,0,0,0,0
8.194,1,8.28893089294434,0,0,0,0,0,0,0,0,1,0
9.522,1,2.24,0,0,0,0,1,0,0,0,0,0
37.793,2,16.9348630905151,0,0,0,0,0,0,0,1,0,0
9.045,1,2.24,0,0,0,0,1,0,0,0,0,0
27.91,1,20.0407552719116,0,0,1,0,0,0,0,0,1,0
13.565,1,0.738396644592285,0,0,1,0,0,0,0,0,0,0
11.683,1,54.8008298874,0,0,0,0,1,0,0,0,0,0
20.477,2,16.9348630905151,0,0,0,0,0,0,0,1,0,0
11.629,1,1.3701868057251,0,1,0,0,0,0,0,0,0,0
17.538,1,0.998874664306641,0,0,0,1,0,0,0,0,0,0
7.039,1,54.8008298874,0,0,0,0,1,0,0,0,0,0
45.997,2,16.9348630905151,0,0,0,0,0,0,0,1,0,0
9.494,1,8.28893089294434,0,0,0,0,0,0,0,0,1,0
7.18,1,8.28893089294434,0,0,0,0,0,0,0,0,1,0
7.92,1,2.24,0,0,0,0,1,0,0,0,0,0
5.754,1,54.8008298874,0,0,0,0,1,0,0,0,0,0
9.504,1,8.28893089294434,0,0,0,0,0,0,0,0,1,0
7.743,1,1.3701868057251,0,1,0,0,0,0,0,0,0,0
14.227,1,0.738396644592285,0,0,1,0,0,0,0,0,0,0
8.515,1,54.8008298874,0,0,0,0,1,0,0,0,0,0
8.25,1,54.8008298874,0,0,0,0,1,0,0,0,0,0
27.076,1,20.0407552719116,0,0,1,0,0,0,0,0,1,0
23.969,1,20.0407552719116,0,0,1,0,0,0,0,0,1,0
5.769,1,1.3701868057251,0,1,0,0,0,0,0,0,0,0
8.187,1,2.24,0,0,0,0,1,0,0,0,0,0
16.968,1,0.738396644592285,0,0,1,0,0,0,0,0,0,0
6.591,1,8.28893089294434,0,0,0,0,0,0,0,0,1,0
11.635,1,0.998874664306641,0,0,0,1,0,0,0,0,0,0
15.433,1,0.738396644592285,0,0,1,0,0,0,0,0,0,0
24.453,1,20.0407552719116,0,0,1,0,0,0,0,0,1,0
5.644,1,54.8008298874,0,0,0,0,1,0,0,0,0,0
15.795,2,16.9348630905151,0,0,0,0,0,0,0,1,0,0
8.097,1,8.28893089294434,0,0,0,0,0,0,0,0,1,0
8.08,1,54.8008298874,0,0,0,0,1,0,0,0,0,0
29.164,1,0.738396644592285,0,0,1,0,0,0,0,0,0,0
12.246,1,54.8008298874,0,0,0,0,1,0,0,0,0,0
4.452,1,54.8008298874,0,0,0,0,1,0,0,0,0,0
29.09,1,20.0407552719116,0,0,1,0,0,0,0,0,1,0
26.663,1,20.0407552719116,0,0,1,0,0,0,0,0,1,0
8.162,1,54.8008298874,0,0,0,0,1,0,0,0,0,0
6.943,1,2.24,0,0,0,0,1,0,0,0,0,0
41.569,1,0.738396644592285,0,0,1,0,0,0,0,0,0,0
30.999,1,0.738396644592285,0,0,1,0,0,0,0,0,0,0
5.407,1,54.8008298874,0,0,0,0,1,0,0,0,0,0
20.624,1,0.738396644592285,0,0,1,0,0,0,0,0,0,0
33.767,1,20.0407552719116,0,0,1,0,0,0,0,0,1,0
10.733,1,0.998874664306641,0,0,0,1,0,0,0,0,0,0
22.675,1,0.738396644592285,0,0,1,0,0,0,0,0,0,0
3.455,1,2.24,0,0,0,0,1,0,0,0,0,0
7.595,1,1.3701868057251,0,1,0,0,0,0,0,0,0,0
8.089,1,0.998874664306641,0,0,0,1,0,0,0,0,0,0
6.437,1,1.3701868057251,0,1,0,0,0,0,0,0,0,0
5.224,1,54.8008298874,0,0,0,0,1,0,0,0,0,0
9.768,1,1.3701868057251,0,1,0,0,0,0,0,0,0,0
12.236,1,0.998874664306641,0,0,0,1,0,0,0,0,0,0
11.572,1,2.24,0,0,0,0,1,0,0,0,0,0
8.586,1,54.8008298874,0,0,0,0,1,0,0,0,0,0
9.701,1,8.28893089294434,0,0,0,0,0,0,0,0,1,0
6.351,1,1.3701868057251,0,1,0,0,0,0,0,0,0,0
19.907,1,0.738396644592285,0,0,1,0,0,0,0,0,0,0
10.97,1,0.998874664306641,0,0,0,1,0,0,0,0,0,0
29.359,1,20.0407552719116,0,0,1,0,0,0,0,0,1,0
7.844,1,54.8008298874,0,0,0,0,1,0,0,0,0,0
5.678,1,54.8008298874,0,0,0,0,1,0,0,0,0,0
10.116,1,1.3701868057251,0,1,0,0,0,0,0,0,0,0
9.439,1,8.28893089294434,0,0,0,0,0,0,0,0,1,0
30.247,1,20.0407552719116,0,0,1,0,0,0,0,0,1,0
11.487,1,0.738396644592285,0,0,1,0,0,0,0,0,0,0
15.079,2,16.9348630905151,0,0,0,0,0,0,0,1,0,0
15.146,1,0.738396644592285,0,0,1,0,0,0,0,0,0,0
6.78,1,2.24,0,0,0,0,1,0,0,0,0,0
5.89,1,1.3701868057251,0,1,0,0,0,0,0,0,0,0
12.158,1,0.998874664306641,0,0,0,1,0,0,0,0,0,0
38.602,1,20.0407552719116,0,0,1,0,0,0,0,0,1,0
6.833,1,8.28893089294434,0,0,0,0,0,0,0,0,1,0
20.139,2,16.9348630905151,0,0,0,0,0,0,0,1,0,0
10.081,1,8.28893089294434,0,0,0,0,0,0,0,0,1,0
3.782,1,54.8008298874,0,0,0,0,1,0,0,0,0,0
6.495,1,8.28893089294434,0,0,0,0,0,0,0,0,1,0
23.929,1,0.738396644592285,0,0,1,0,0,0,0,0,0,0
12.56,1,2.24,0,0,0,0,1,0,0,0,0,0
9.529,1,1.3701868057251,0,1,0,0,0,0,0,0,0,0
11.395,1,54.8008298874,0,0,0,0,1,0,0,0,0,0
9.189,1,8.28893089294434,0,0,0,0,0,0,0,0,1,0
8.437,1,2.24,0,0,0,0,1,0,0,0,0,0
8.376,1,8.28893089294434,0,0,0,0,0,0,0,0,1,0
29.363,2,16.9348630905151,0,0,0,0,0,0,0,1,0,0
34.728,1,0.738396644592285,0,0,1,0,0,0,0,0,0,0
10.837,1,8.28893089294434,0,0,0,0,0,0,0,0,1,0
11.135,1,8.28893089294434,0,0,0,0,0,0,0,0,1,0
6.826,1,1.3701868057251,0,1,0,0,0,0,0,0,0,0
10.945,1,0.998874664306641,0,0,0,1,0,0,0,0,0,0
10.754,1,54.8008298874,0,0,0,0,1,0,0,0,0,0
5.823,1,2.24,0,0,0,0,1,0,0,0,0,0
5.808,1,2.24,0,0,0,0,1,0,0,0,0,0
15.805,1,8.28893089294434,0,0,0,0,0,0,0,0,1,0
62.163,1,20.0407552719116,0,0,1,0,0,0,0,0,1,0
9.053,1,0.998874664306641,0,0,0,1,0,0,0,0,0,0
61.123,1,20.0407552719116,0,0,1,0,0,0,0,0,1,0
44.69,1,20.0407552719116,0,0,1,0,0,0,0,0,1,0
33.961,1,20.0407552719116,0,0,1,0,0,0,0,0,1,0
40.527,1,1.3701868057251,0,1,0,0,0,0,0,0,0,0
12.182,1,54.8008298874,0,0,0,0,1,0,0,0,0,0
32.873,1,1.3701868057251,0,1,0,0,0,0,0,0,0,0
101.117,50,1065.02231025696,0,0,0,0,0,0,0,0,1,0
15.759,1,8.28893089294434,0,0,0,0,0,0,0,0,1,0
6.704,1,8.28893089294434,0,0,0,0,0,0,0,0,1,0
7.793,1,1.3701868057251,0,1,0,0,0,0,0,0,0,0
15.567,2,16.9348630905151,0,0,0,0,0,0,0,1,0,0
12.042,2,16.9348630905151,0,0,0,0,0,0,0,1,0,0
8.975,1,8.28893089294434,0,0,0,0,0,0,0,0,1,0
28.294,1,54.8008298874,0,0,0,0,1,0,0,0,0,0
13.214,2,16.9348630905151,0,0,0,0,0,0,0,1,0,0
25.921,1,2.24,0,0,0,0,1,0,0,0,0,0
21.248,1,2.24,0,0,0,0,1,0,0,0,0,0
13.422,1,54.8008298874,0,0,0,0,1,0,0,0,0,0
11.588,1,2.24,0,0,0,0,1,0,0,0,0,0
16.477,2,16.9348630905151,0,0,0,0,0,0,0,1,0,0
13.383,1,0.998874664306641,0,0,0,1,0,0,0,0,0,0
25.558,1,0.738396644592285,0,0,1,0,0,0,0,0,0,0
17.292,1,0.998874664306641,0,0,0,1,0,0,0,0,0,0
18.724,1,2.24,0,0,0,0,1,0,0,0,0,0
15.195,1,8.28893089294434,0,0,0,0,0,0,0,0,1,0
15.055,1,2.24,0,0,0,0,1,0,0,0,0,0
7.927,1,8.28893089294434,0,0,0,0,0,0,0,0,1,0
34.816,1,20.0407552719116,0,0,1,0,0,0,0,0,1,0
9.352,1,2.24,0,0,0,0,1,0,0,0,0,0
21.262,1,0.738396644592285,0,0,1,0,0,0,0,0,0,0
10.65,1,8.28893089294434,0,0,0,0,0,0,0,0,1,0
7.331,1,54.8008298874,0,0,0,0,1,0,0,0,0,0
8.419,1,8.28893089294434,0,0,0,0,0,0,0,0,1,0
11.015,1,2.24,0,0,0,0,1,0,0,0,0,0
34.875,1,0.998874664306641,0,0,0,1,0,0,0,0,0,0
35.244,1,0.998874664306641,0,0,0,1,0,0,0,0,0,0
36.822,1,0.998874664306641,0,0,0,1,0,0,0,0,0,0
17.851,1,0.998874664306641,0,0,0,1,0,0,0,0,0,0
29.859,1,0.998874664306641,0,0,0,1,0,0,0,0,0,0
22.94,1,0.738396644592285,0,0,1,0,0,0,0,0,0,0
12.399,1,0.998874664306641,0,0,0,1,0,0,0,0,0,0
12.275,1,1.3701868057251,0,1,0,0,0,0,0,0,0,0
7.566,1,2.24,0,0,0,0,1,0,0,0,0,0
7.647,1,8.28893089294434,0,0,0,0,0,0,0,0,1,0
15.093,2,16.9348630905151,0,0,0,0,0,0,0,1,0,0
11.163,1,0.998874664306641,0,0,0,1,0,0,0,0,0,0
8.158,1,54.8008298874,0,0,0,0,1,0,0,0,0,0
7.569,1,8.28893089294434,0,0,0,0,0,0,0,0,1,0
13.886,1,0.738396644592285,0,0,1,0,0,0,0,0,0,0
9.76,1,2.24,0,0,0,0,1,0,0,0,0,0
12.667,1,54.8008298874,0,0,0,0,1,0,0,0,0,0
33.336,2,16.9348630905151,0,0,0,0,0,0,0,1,0,0
28.121,2,16.9348630905151,0,0,0,0,0,0,0,1,0,0
20.221,2,16.9348630905151,0,0,0,0,0,0,0,1,0,0
10.516,1,54.8008298874,0,0,0,0,1,0,0,0,0,0
7.941,1,54.8008298874,0,0,0,0,1,0,0,0,0,0
16.47,1,0.738396644592285,0,0,1,0,0,0,0,0,0,0
7.696,1,2.24,0,0,0,0,1,0,0,0,0,0
13.496,1,0.738396644592285,0,0,1,0,0,0,0,0,0,0
28.599,1,0.998874664306641,0,0,0,1,0,0,0,0,0,0
19.067,1,0.998874664306641,0,0,0,1,0,0,0,0,0,0
9.695,1,54.8008298874,0,0,0,0,1,0,0,0,0,0
12.738,1,0.738396644592285,0,0,1,0,0,0,0,0,0,0
27.256,1,20.0407552719116,0,0,1,0,0,0,0,0,1,0
7.672,1,2.24,0,0,0,0,1,0,0,0,0,0
14.718,1,0.998874664306641,0,0,0,1,0,0,0,0,0,0
9.249,1,2.24,0,0,0,0,1,0,0,0,0,0
8.099,1,54.8008298874,0,0,0,0,1,0,0,0,0,0
8.777,1,1.3701868057251,0,1,0,0,0,0,0,0,0,0
8.172,1,54.8008298874,0,0,0,0,1,0,0,0,0,0
22.365,1,20.0407552719116,0,0,1,0,0,0,0,0,1,0
7.797,1,1.3701868057251,0,1,0,0,0,0,0,0,0,0
22.332,1,20.0407552719116,0,0,1,0,0,0,0,0,1,0
20.182,1,0.738396644592285,0,0,1,0,0,0,0,0,0,0
18.859,2,16.9348630905151,0,0,0,0,0,0,0,1,0,0
6.869,1,54.8008298874,0,0,0,0,1,0,0,0,0,0
6.284,1,2.24,0,0,0,0,1,0,0,0,0,0
19.864,1,0.738396644592285,0,0,1,0,0,0,0,0,0,0
15.386,1,0.738396644592285,0,0,1,0,0,0,0,0,0,0
21.832,1,20.0407552719116,0,0,1,0,0,0,0,0,1,0
8.091,1,8.28893089294434,0,0,0,0,0,0,0,0,1,0
17.659,1,0.738396644592285,0,0,1,0,0,0,0,0,0,0
4.372,1,1.3701868057251,0,1,0,0,0,0,0,0,0,0
12.34,2,16.9348630905151,0,0,0,0,0,0,0,1,0,0
7.419,1,54.8008298874,0,0,0,0,1,0,0,0,0,0
17.89,1,0.738396644592285,0,0,1,0,0,0,0,0,0,0
19.277,1,0.998874664306641,0,0,0,1,0,0,0,0,0,0
9.7,1,2.24,0,0,0,0,1,0,0,0,0,0
7.8,1,1.3701868057251,0,1,0,0,0,0,0,0,0,0
17.179,1,0.998874664306641,0,0,0,1,0,0,0,0,0,0
11.569,1,8.28893089294434,0,0,0,0,0,0,0,0,1,0
10.712,1,1.3701868057251,0,1,0,0,0,0,0,0,0,0
7.73,1,2.24,0,0,0,0,1,0,0,0,0,0
7.793,1,1.3701868057251,0,1,0,0,0,0,0,0,0,0
4.328,1,1.3701868057251,0,1,0,0,0,0,0,0,0,0
34.798,1,0.738396644592285,0,0,1,0,0,0,0,0,0,0
15.814,1,0.998874664306641,0,0,0,1,0,0,0,0,0,0
5.016,1,54.8008298874,0,0,0,0,1,0,0,0,0,0
8.299,1,54.8008298874,0,0,0,0,1,0,0,0,0,0
12.996,1,0.998874664306641,0,0,0,1,0,0,0,0,0,0
8.652,1,8.28893089294434,0,0,0,0,0,0,0,0,1,0
9.909,1,2.24,0,0,0,0,1,0,0,0,0,0
10.094,1,8.28893089294434,0,0,0,0,0,0,0,0,1,0
9.715,1,54.8008298874,0,0,0,0,1,0,0,0,0,0
6.729,1,2.24,0,0,0,0,1,0,0,0,0,0
25.137,1,20.0407552719116,0,0,1,0,0,0,0,0,1,0
7.316,1,1.3701868057251,0,1,0,0,0,0,0,0,0,0
28.754,1,20.0407552719116,0,0,1,0,0,0,0,0,1,0
20.307,1,20.0407552719116,0,0,1,0,0,0,0,0,1,0
6.494,1,1.3701868057251,0,1,0,0,0,0,0,0,0,0
8.102,1,54.8008298874,0,0,0,0,1,0,0,0,0,0
15.442,1,0.738396644592285,0,0,1,0,0,0,0,0,0,0
21.147,1,0.998874664306641,0,0,0,1,0,0,0,0,0,0
7.899,1,1.3701868057251,0,1,0,0,0,0,0,0,0,0
7.712,1,1.3701868057251,0,1,0,0,0,0,0,0,0,0
34.69,1,20.0407552719116,0,0,1,0,0,0,0,0,1,0
17.003,1,0.998874664306641,0,0,0,1,0,0,0,0,0,0
17.828,1,0.998874664306641,0,0,0,1,0,0,0,0,0,0
11.002,1,0.998874664306641,0,0,0,1,0,0,0,0,0,0
9.611,1,54.8008298874,0,0,0,0,1,0,0,0,0,0
9.355,1,8.28893089294434,0,0,0,0,0,0,0,0,1,0
6.426,1,1.3701868057251,0,1,0,0,0,0,0,0,0,0
15.394,2,16.9348630905151,0,0,0,0,0,0,0,1,0,0
10.347,1,54.8008298874,0,0,0,0,1,0,0,0,0,0
8.15,1,1.3701868057251,0,1,0,0,0,0,0,0,0,0
11.019,1,0.738396644592285,0,0,1,0,0,0,0,0,0,0
6.86,1,2.24,0,0,0,0,1,0,0,0,0,0
7.634,1,54.8008298874,0,0,0,0,1,0,0,0,0,0
7.616,1,1.3701868057251,0,1,0,0,0,0,0,0,0,0
27.498,1,20.0407552719116,0,0,1,0,0,0,0,0,1,0
9.199,1,54.8008298874,0,0,0,0,1,0,0,0,0,0
6.097,1,1.3701868057251,0,1,0,0,0,0,0,0,0,0
5.526,1,54.8008298874,0,0,0,0,1,0,0,0,0,0
10.258,1,54.8008298874,0,0,0,0,1,0,0,0,0,0
8.995,1,2.24,0,0,0,0,1,0,0,0,0,0
25.174,1,0.738396644592285,0,0,1,0,0,0,0,0,0,0
17.948,1,0.738396644592285,0,0,1,0,0,0,0,0,0,0
14.634,1,54.8008298874,0,0,0,0,1,0,0,0,0,0
8.593,1,54.8008298874,0,0,0,0,1,0,0,0,0,0
10.514,1,1.3701868057251,0,1,0,0,0,0,0,0,0,0
12.623,1,0.998874664306641,0,0,0,1,0,0,0,0,0,0
13.214,1,1.3701868057251,0,1,0,0,0,0,0,0,0,0
46.446,1,20.0407552719116,0,0,1,0,0,0,0,0,1,0
9.519,1,54.8008298874,0,0,0,0,1,0,0,0,0,0
10.556,1,8.28893089294434,0,0,0,0,0,0,0,0,1,0
7.33,1,1.3701868057251,0,1,0,0,0,0,0,0,0,0
11.64,1,0.998874664306641,0,0,0,1,0,0,0,0,0,0
8.707,1,54.8008298874,0,0,0,0,1,0,0,0,0,0
36.485,1,20.0407552719116,0,0,1,0,0,0,0,0,1,0
7.825,1,2.24,0,0,0,0,1,0,0,0,0,0
39.653,1,20.0407552719116,0,0,1,0,0,0,0,0,1,0
38.352,1,0.738396644592285,0,0,1,0,0,0,0,0,0,0
10.814,1,0.998874664306641,0,0,0,1,0,0,0,0,0,0
33.421,1,20.0407552719116,0,0,1,0,0,0,0,0,1,0
6.212,1,1.3701868057251,0,1,0,0,0,0,0,0,0,0
115.13,50,1065.02231025696,0,0,0,0,0,0,0,0,1,0
11.499,1,8.28893089294434,0,0,0,0,0,0,0,0,1,0
7.434,1,2.24,0,0,0,0,1,0,0,0,0,0
48.982,1,0.738396644592285,0,0,1,0,0,0,0,0,0,0
23.397,1,0.738396644592285,0,0,1,0,0,0,0,0,0,0
39.156,1,20.0407552719116,0,0,1,0,0,0,0,0,1,0
26.278,50,25.485445022583,0,1,0,0,0,0,0,0,0,0
4.832,1,2.24,0,0,0,0,1,0,0,0,0,0
5.446,1,1.3701868057251,0,1,0,0,0,0,0,0,0,0
7.61,1,8.28893089294434,0,0,0,0,0,0,0,0,1,0
28.611,1,0.738396644592285,0,0,1,0,0,0,0,0,0,0
6.819,1,0.998874664306641,0,0,0,1,0,0,0,0,0,0
31.019,1,54.8008298874,0,0,0,0,1,0,0,0,0,0
30.191,1,2.24,0,0,0,0,1,0,0,0,0,0
27.859,1,2.24,0,0,0,0,1,0,0,0,0,0
11.282,1,0.998874664306641,0,0,0,1,0,0,0,0,0,0
21.61,1,2.24,0,0,0,0,1,0,0,0,0,0
17.894,1,2.24,0,0,0,0,1,0,0,0,0,0
8.764,1,8.28893089294434,0,0,0,0,0,0,0,0,1,0
8.02,1,0.998874664306641,0,0,0,1,0,0,0,0,0,0
16.924,1,54.8008298874,0,0,0,0,1,0,0,0,0,0
13.65,1,8.28893089294434,0,0,0,0,0,0,0,0,1,0
15.227,1,2.24,0,0,0,0,1,0,0,0,0,0
8.559,1,54.8008298874,0,0,0,0,1,0,0,0,0,0
12.432,1,8.28893089294434,0,0,0,0,0,0,0,0,1,0
22.344,1,20.0407552719116,0,0,1,0,0,0,0,0,1,0
5.681,1,1.3701868057251,0,1,0,0,0,0,0,0,0,0
20.81,1,0.738396644592285,0,0,1,0,0,0,0,0,0,0
16.776,2,16.9348630905151,0,0,0,0,0,0,0,1,0,0
7.753,1,1.3701868057251,0,1,0,0,0,0,0,0,0,0
20.73,1,20.0407552719116,0,0,1,0,0,0,0,0,1,0
18.941,1,0.738396644592285,0,0,1,0,0,0,0,0,0,0
7.754,1,8.28893089294434,0,0,0,0,0,0,0,0,1,0
6.49,1,1.3701868057251,0,1,0,0,0,0,0,0,0,0
16.353,1,0.738396644592285,0,0,1,0,0,0,0,0,0,0
14.891,1,0.998874664306641,0,0,0,1,0,0,0,0,0,0
20.726,1,54.8008298874,0,0,0,0,1,0,0,0,0,0
6.904,1,54.8008298874,0,0,0,0,1,0,0,0,0,0
46.45,1,20.0407552719116,0,0,1,0,0,0,0,0,1,0
18.433,1,8.28893089294434,0,0,0,0,0,0,0,0,1,0
10.368,1,2.24,0,0,0,0,1,0,0,0,0,0
15.569,1,8.28893089294434,0,0,0,0,0,0,0,0,1,0
45.805,1,20.0407552719116,0,0,1,0,0,0,0,0,1,0
16.728,1,8.28893089294434,0,0,0,0,0,0,0,0,1,0
13.672,1,8.28893089294434,0,0,0,0,0,0,0,0,1,0
9.978,1,2.24,0,0,0,0,1,0,0,0,0,0
18.806,1,8.28893089294434,0,0,0,0,0,0,0,0,1,0
11.113,1,8.28893089294434,0,0,0,0,0,0,0,0,1,0
14.779,1,0.738396644592285,0,0,1,0,0,0,0,0,0,0
27.102,1,20.0407552719116,0,0,1,0,0,0,0,0,1,0
7.431,1,1.3701868057251,0,1,0,0,0,0,0,0,0,0
11.57,1,8.28893089294434,0,0,0,0,0,0,0,0,1,0
11.02,1,8.28893089294434,0,0,0,0,0,0,0,0,1,0
24.405,1,0.998874664306641,0,0,0,1,0,0,0,0,0,0
16.238,2,16.9348630905151,0,0,0,0,0,0,0,1,0,0
14.465,1,8.28893089294434,0,0,0,0,0,0,0,0,1,0
24.144,1,0.998874664306641,0,0,0,1,0,0,0,0,0,0
10.04,1,2.24,0,0,0,0,1,0,0,0,0,0
28.096,1,20.0407552719116,0,0,1,0,0,0,0,0,1,0
18.041,1,0.998874664306641,0,0,0,1,0,0,0,0,0,0
19.198,2,16.9348630905151,0,0,0,0,0,0,0,1,0,0
98.238,50,25.485445022583,0,1,0,0,0,0,0,0,0,0
14.141,1,8.28893089294434,0,0,0,0,0,0,0,0,1,0
13.02,1,2.24,0,0,0,0,1,0,0,0,0,0
18.25,1,1.3701868057251,0,1,0,0,0,0,0,0,0,0
8.206,1,8.28893089294434,0,0,0,0,0,0,0,0,1,0
11.805,1,54.8008298874,0,0,0,0,1,0,0,0,0,0
12.605,1,0.998874664306641,0,0,0,1,0,0,0,0,0,0
8.791,1,1.3701868057251,0,1,0,0,0,0,0,0,0,0
12.145,1,0.738396644592285,0,0,1,0,0,0,0,0,0,0
12.712,1,0.738396644592285,0,0,1,0,0,0,0,0,0,0
17.971,1,2.24,0,0,0,0,1,0,0,0,0,0
12.811,1,1.3701868057251,0,1,0,0,0,0,0,0,0,0
11.3,1,0.738396644592285,0,0,1,0,0,0,0,0,0,0
18.615,1,0.998874664306641,0,0,0,1,0,0,0,0,0,0
17.681,1,2.24,0,0,0,0,1,0,0,0,0,0
14.139,1,0.998874664306641,0,0,0,1,0,0,0,0,0,0
6.153,1,1.3701868057251,0,1,0,0,0,0,0,0,0,0
16.598,1,54.8008298874,0,0,0,0,1,0,0,0,0,0
9.009,1,2.24,0,0,0,0,1,0,0,0,0,0
12.875,1,54.8008298874,0,0,0,0,1,0,0,0,0,0
7.833,1,1.3701868057251,0,1,0,0,0,0,0,0,0,0
8.894,1,0.998874664306641,0,0,0,1,0,0,0,0,0,0
9.012,1,54.8008298874,0,0,0,0,1,0,0,0,0,0
23.93,2,16.9348630905151,0,0,0,0,0,0,0,1,0,0
11.563,2,16.9348630905151,0,0,0,0,0,0,0,1,0,0
14.804,1,0.738396644592285,0,0,1,0,0,0,0,0,0,0
5.592,1,1.3701868057251,0,1,0,0,0,0,0,0,0,0
24.677,1,20.0407552719116,0,0,1,0,0,0,0,0,1,0
4.751,1,1.3701868057251,0,1,0,0,0,0,0,0,0,0
6.76,1,1.3701868057251,0,1,0,0,0,0,0,0,0,0
6.578,1,2.24,0,0,0,0,1,0,0,0,0,0
22.716,1,0.738396644592285,0,0,1,0,0,0,0,0,0,0
14.62,1,0.998874664306641,0,0,0,1,0,0,0,0,0,0
23.335,1,0.738396644592285,0,0,1,0,0,0,0,0,0,0
26.156,1,0.738396644592285,0,0,1,0,0,0,0,0,0,0
18.069,1,8.28893089294434,0,0,0,0,0,0,0,0,1,0
11.143,1,8.28893089294434,0,0,0,0,0,0,0,0,1,0
21.931,2,16.9348630905151,0,0,0,0,0,0,0,1,0,0
9.927,1,54.8008298874,0,0,0,0,1,0,0,0,0,0
7.996,1,2.24,0,0,0,0,1,0,0,0,0,0
9.184,1,0.998874664306641,0,0,0,1,0,0,0,0,0,0
7.48,1,8.28893089294434,0,0,0,0,0,0,0,0,1,0
55.174,1,20.0407552719116,0,0,1,0,0,0,0,0,1,0
8.388,1,1.3701868057251,0,1,0,0,0,0,0,0,0,0
39.742,1,20.0407552719116,0,0,1,0,0,0,0,0,1,0
19.38,1,0.738396644592285,0,0,1,0,0,0,0,0,0,0
12.004,1,8.28893089294434,0,0,0,0,0,0,0,0,1,0
19.504,2,16.9348630905151,0,0,0,0,0,0,0,1,0,0
11.51,1,0.998874664306641,0,0,0,1,0,0,0,0,0,0
17.236,1,0.738396644592285,0,0,1,0,0,0,0,0,0,0
16.863,1,8.28893089294434,0,0,0,0,0,0,0,0,1,0
21.982,2,16.9348630905151,0,0,0,0,0,0,0,1,0,0
35.072,1,20.0407552719116,0,0,1,0,0,0,0,0,1,0
13.349,2,16.9348630905151,0,0,0,0,0,0,0,1,0,0
7.885,1,1.3701868057251,0,1,0,0,0,0,0,0,0,0
17.198,1,0.998874664306641,0,0,0,1,0,0,0,0,0,0
32.972,1,20.0407552719116,0,0,1,0,0,0,0,0,1,0
11.899,1,8.28893089294434,0,0,0,0,0,0,0,0,1,0
38.312,1,20.0407552719116,0,0,1,0,0,0,0,0,1,0
13.205,1,8.28893089294434,0,0,0,0,0,0,0,0,1,0
7.89,1,2.24,0,0,0,0,1,0,0,0,0,0
6.776,1,2.24,0,0,0,0,1,0,0,0,0,0
12.21,1,0.998874664306641,0,0,0,1,0,0,0,0,0,0
6.794,1,2.24,0,0,0,0,1,0,0,0,0,0
9.194,1,2.24,0,0,0,0,1,0,0,0,0,0
38.74,1,20.0407552719116,0,0,1,0,0,0,0,0,1,0
30,1,0.738396644592285,0,0,1,0,0,0,0,0,0,0
37.273,1,20.0407552719116,0,0,1,0,0,0,0,0,1,0
4.995,1,1.3701868057251,0,1,0,0,0,0,0,0,0,0
38.525,1,20.0407552719116,0,0,1,0,0,0,0,0,1,0
29.072,1,0.738396644592285,0,0,1,0,0,0,0,0,0,0
26.399,1,0.738396644592285,0,0,1,0,0,0,0,0,0,0
9.153,1,2.24,0,0,0,0,1,0,0,0,0,0
9.473,1,0.998874664306641,0,0,0,1,0,0,0,0,0,0
25.916,2,16.9348630905151,0,0,0,0,0,0,0,1,0,0
8.313,1,54.8008298874,0,0,0,0,1,0,0,0,0,0
36.536,1,20.0407552719116,0,0,1,0,0,0,0,0,1,0
14.362,2,16.9348630905151,0,0,0,0,0,0,0,1,0,0
45.68,1,20.0407552719116,0,0,1,0,0,0,0,0,1,0
31.411,1,20.0407552719116,0,0,1,0,0,0,0,0,1,0
8.751,1,2.24,0,0,0,0,1,0,0,0,0,0
32.145,1,20.0407552719116,0,0,1,0,0,0,0,0,1,0
8.96,1,1.3701868057251,0,1,0,0,0,0,0,0,0,0
11.432,1,0.738396644592285,0,0,1,0,0,0,0,0,0,0
10.495,1,0.998874664306641,0,0,0,1,0,0,0,0,0,0
9.956,1,54.8008298874,0,0,0,0,1,0,0,0,0,0
7.72,1,2.24,0,0,0,0,1,0,0,0,0,0
8.035,1,8.28893089294434,0,0,0,0,0,0,0,0,1,0
8.544,1,2.24,0,0,0,0,1,0,0,0,0,0
18.089,2,16.9348630905151,0,0,0,0,0,0,0,1,0,0
6.101,1,2.24,0,0,0,0,1,0,0,0,0,0
20.358,1,0.738396644592285,0,0,1,0,0,0,0,0,0,0
11.394,1,8.28893089294434,0,0,0,0,0,0,0,0,1,0
6.371,1,1.3701868057251,0,1,0,0,0,0,0,0,0,0
5.962,1,1.3701868057251,0,1,0,0,0,0,0,0,0,0
6.179,1,1.3701868057251,0,1,0,0,0,0,0,0,0,0
8.739,1,0.998874664306641,0,0,0,1,0,0,0,0,0,0
8.928,1,8.28893089294434,0,0,0,0,0,0,0,0,1,0
10.001,1,54.8008298874,0,0,0,0,1,0,0,0,0,0
10.523,1,54.8008298874,0,0,0,0,1,0,0,0,0,0
33.249,1,20.0407552719116,0,0,1,0,0,0,0,0,1,0
9.746,2,16.9348630905151,0,0,0,0,0,0,0,1,0,0
15.053,1,54.8008298874,0,0,0,0,1,0,0,0,0,0
11.557,1,54.8008298874,0,0,0,0,1,0,0,0,0,0
11.358,1,2.24,0,0,0,0,1,0,0,0,0,0
8.162,1,54.8008298874,0,0,0,0,1,0,0,0,0,0
4.841,1,1.3701868057251,0,1,0,0,0,0,0,0,0,0
37.624,1,20.0407552719116,0,0,1,0,0,0,0,0,1,0
5.332,1,54.8008298874,0,0,0,0,1,0,0,0,0,0
28.622,1,20.0407552719116,0,0,1,0,0,0,0,0,1,0
8.201,1,0.998874664306641,0,0,0,1,0,0,0,0,0,0
31.915,1,20.0407552719116,0,0,1,0,0,0,0,0,1,0
12.307,2,16.9348630905151,0,0,0,0,0,0,0,1,0,0
26.646,1,20.0407552719116,0,0,1,0,0,0,0,0,1,0
9.038,1,54.8008298874,0,0,0,0,1,0,0,0,0,0
13.046,1,0.738396644592285,0,0,1,0,0,0,0,0,0,0
11.93,1,0.998874664306641,0,0,0,1,0,0,0,0,0,0
34.228,1,20.0407552719116,0,0,1,0,0,0,0,0,1,0
20.021,1,0.738396644592285,0,0,1,0,0,0,0,0,0,0
15.56,1,54.8008298874,0,0,0,0,1,0,0,0,0,0
17.711,1,0.738396644592285,0,0,1,0,0,0,0,0,0,0
20.657,1,2.24,0,0,0,0,1,0,0,0,0,0
29.736,1,20.0407552719116,0,0,1,0,0,0,0,0,1,0
25.916,1,54.8008298874,0,0,0,0,1,0,0,0,0,0
19.077,1,2.24,0,0,0,0,1,0,0,0,0,0
10.767,1,54.8008298874,0,0,0,0,1,0,0,0,0,0
13.423,1,0.738396644592285,0,0,1,0,0,0,0,0,0,0
15.438,1,0.738396644592285,0,0,1,0,0,0,0,0,0,0
9.568,1,0.998874664306641,0,0,0,1,0,0,0,0,0,0
17.597,1,54.8008298874,0,0,0,0,1,0,0,0,0,0
12.117,1,0.998874664306641,0,0,0,1,0,0,0,0,0,0
32.564,1,20.0407552719116,0,0,1,0,0,0,0,0,1,0
21.275,1,20.0407552719116,0,0,1,0,0,0,0,0,1,0
14.394,1,2.24,0,0,0,0,1,0,0,0,0,0
24.596,1,20.0407552719116,0,0,1,0,0,0,0,0,1,0
13.282,1,0.998874664306641,0,0,0,1,0,0,0,0,0,0
12.505,1,8.28893089294434,0,0,0,0,0,0,0,0,1,0
80.909,50,25.485445022583,0,1,0,0,0,0,0,0,0,0
22.147,1,0.998874664306641,0,0,0,1,0,0,0,0,0,0
17.344,1,8.28893089294434,0,0,0,0,0,0,0,0,1,0
14.46,1,0.998874664306641,0,0,0,1,0,0,0,0,0,0
7.845,1,8.28893089294434,0,0,0,0,0,0,0,0,1,0
11.908,1,0.998874664306641,0,0,0,1,0,0,0,0,0,0
25.631,1,20.0407552719116,0,0,1,0,0,0,0,0,1,0
14.464,1,1.3701868057251,0,1,0,0,0,0,0,0,0,0
12.412,1,54.8008298874,0,0,0,0,1,0,0,0,0,0
10.595,1,1.3701868057251,0,1,0,0,0,0,0,0,0,0
15.98,1,0.998874664306641,0,0,0,1,0,0,0,0,0,0
13.38,1,0.738396644592285,0,0,1,0,0,0,0,0,0,0
16.981,1,54.8008298874,0,0,0,0,1,0,0,0,0,0
12.2,1,8.28893089294434,0,0,0,0,0,0,0,0,1,0
10.697,2,16.9348630905151,0,0,0,0,0,0,0,1,0,0
31.522,1,0.738396644592285,0,0,1,0,0,0,0,0,0,0
16.065,1,0.738396644592285,0,0,1,0,0,0,0,0,0,0
12.901,1,8.28893089294434,0,0,0,0,0,0,0,0,1,0
13.22,1,2.24,0,0,0,0,1,0,0,0,0,0
31.013,1,20.0407552719116,0,0,1,0,0,0,0,0,1,0
8.634,1,54.8008298874,0,0,0,0,1,0,0,0,0,0
6.234,1,1.3701868057251,0,1,0,0,0,0,0,0,0,0
6.901,1,1.3701868057251,0,1,0,0,0,0,0,0,0,0
10.331,1,0.738396644592285,0,0,1,0,0,0,0,0,0,0
6.431,1,54.8008298874,0,0,0,0,1,0,0,0,0,0
46.141,1,20.0407552719116,0,0,1,0,0,0,0,0,1,0
11.948,1,0.998874664306641,0,0,0,1,0,0,0,0,0,0
36.508,1,20.0407552719116,0,0,1,0,0,0,0,0,1,0
10.621,1,2.24,0,0,0,0,1,0,0,0,0,0
37.403,1,20.0407552719116,0,0,1,0,0,0,0,0,1,0
10.035,1,1.3701868057251,0,1,0,0,0,0,0,0,0,0
5.587,1,54.8008298874,0,0,0,0,1,0,0,0,0,0
35.138,1,20.0407552719116,0,0,1,0,0,0,0,0,1,0
17.897,1,8.28893089294434,0,0,0,0,0,0,0,0,1,0
14.139,1,8.28893089294434,0,0,0,0,0,0,0,0,1,0
16.744,1,0.738396644592285,0,0,1,0,0,0,0,0,0,0
17.381,1,0.738396644592285,0,0,1,0,0,0,0,0,0,0
8.772,1,8.28893089294434,0,0,0,0,0,0,0,0,1,0
15.963,1,0.998874664306641,0,0,0,1,0,0,0,0,0,0
35.641,1,20.0407552719116,0,0,1,0,0,0,0,0,1,0
10.262,1,8.28893089294434,0,0,0,0,0,0,0,0,1,0
7.649,1,2.24,0,0,0,0,1,0,0,0,0,0
9.768,1,54.8008298874,0,0,0,0,1,0,0,0,0,0
9.991,1,2.24,0,0,0,0,1,0,0,0,0,0
29.558,1,20.0407552719116,0,0,1,0,0,0,0,0,1,0
15.317,1,0.738396644592285,0,0,1,0,0,0,0,0,0,0
24.078,1,20.0407552719116,0,0,1,0,0,0,0,0,1,0
12.941,1,0.998874664306641,0,0,0,1,0,0,0,0,0,0
9.035,1,1.3701868057251,0,1,0,0,0,0,0,0,0,0
25.749,2,16.9348630905151,0,0,0,0,0,0,0,1,0,0
9.242,1,54.8008298874,0,0,0,0,1,0,0,0,0,0
16.536,1,0.998874664306641,0,0,0,1,0,0,0,0,0,0
16.333,1,0.998874664306641,0,0,0,1,0,0,0,0,0,0
11.931,1,54.8008298874,0,0,0,0,1,0,0,0,0,0
24.86,1,20.0407552719116,0,0,1,0,0,0,0,0,1,0
8.13,1,2.24,0,0,0,0,1,0,0,0,0,0
11.282,1,0.998874664306641,0,0,0,1,0,0,0,0,0,0
28.662,2,16.9348630905151,0,0,0,0,0,0,0,1,0,0
20.059,1,20.0407552719116,0,0,1,0,0,0,0,0,1,0
7.65,1,54.8008298874,0,0,0,0,1,0,0,0,0,0
8.075,1,1.3701868057251,0,1,0,0,0,0,0,0,0,0
15.11,1,0.738396644592285,0,0,1,0,0,0,0,0,0,0
13.434,1,8.28893089294434,0,0,0,0,0,0,0,0,1,0
8.584,1,8.28893089294434,0,0,0,0,0,0,0,0,1,0
15.799,1,0.998874664306641,0,0,0,1,0,0,0,0,0,0
13.181,1,54.8008298874,0,0,0,0,1,0,0,0,0,0
11.666,1,0.998874664306641,0,0,0,1,0,0,0,0,0,0
6.984,1,1.3701868057251,0,1,0,0,0,0,0,0,0,0
11.876,1,54.8008298874,0,0,0,0,1,0,0,0,0,0
26.369,1,20.0407552719116,0,0,1,0,0,0,0,0,1,0
9.417,1,2.24,0,0,0,0,1,0,0,0,0,0
6.485,1,1.3701868057251,0,1,0,0,0,0,0,0,0,0
18.573,1,54.8008298874,0,0,0,0,1,0,0,0,0,0
12.677,1,0.998874664306641,0,0,0,1,0,0,0,0,0,0
11.688,1,54.8008298874,0,0,0,0,1,0,0,0,0,0
20.823,1,0.738396644592285,0,0,1,0,0,0,0,0,0,0
11.885,1,54.8008298874,0,0,0,0,1,0,0,0,0,0
11.468,1,2.24,0,0,0,0,1,0,0,0,0,0
5.668,1,1.3701868057251,0,1,0,0,0,0,0,0,0,0
10.287,1,54.8008298874,0,0,0,0,1,0,0,0,0,0
13.855,1,8.28893089294434,0,0,0,0,0,0,0,0,1,0
14.309,1,54.8008298874,0,0,0,0,1,0,0,0,0,0
9.305,1,2.24,0,0,0,0,1,0,0,0,0,0
8.098,1,2.24,0,0,0,0,1,0,0,0,0,0
28.186,2,16.9348630905151,0,0,0,0,0,0,0,1,0,0
9.669,1,1.3701868057251,0,1,0,0,0,0,0,0,0,0
6.63,1,1.3701868057251,0,1,0,0,0,0,0,0,0,0
29.479,1,20.0407552719116,0,0,1,0,0,0,0,0,1,0
11.32,1,8.28893089294434,0,0,0,0,0,0,0,0,1,0
24.589,1,0.738396644592285,0,0,1,0,0,0,0,0,0,0
8.159,1,54.8008298874,0,0,0,0,1,0,0,0,0,0
10.455,1,8.28893089294434,0,0,0,0,0,0,0,0,1,0
28.501,1,0.738396644592285,0,0,1,0,0,0,0,0,0,0
28.912,1,20.0407552719116,0,0,1,0,0,0,0,0,1,0
8.861,1,2.24,0,0,0,0,1,0,0,0,0,0
22.932,1,0.998874664306641,0,0,0,1,0,0,0,0,0,0
12.911,1,0.998874664306641,0,0,0,1,0,0,0,0,0,0
9.261,1,8.28893089294434,0,0,0,0,0,0,0,0,1,0
30.736,1,20.0407552719116,0,0,1,0,0,0,0,0,1,0
9.621,1,54.8008298874,0,0,0,0,1,0,0,0,0,0
7.363,1,1.3701868057251,0,1,0,0,0,0,0,0,0,0
11.741,1,54.8008298874,0,0,0,0,1,0,0,0,0,0
10.191,1,2.24,0,0,0,0,1,0,0,0,0,0
9.272,1,2.24,0,0,0,0,1,0,0,0,0,0
41.338,1,0.738396644592285,0,0,1,0,0,0,0,0,0,0
13.335,1,0.998874664306641,0,0,0,1,0,0,0,0,0,0
9.276,1,2.24,0,0,0,0,1,0,0,0,0,0
14.936,1,0.998874664306641,0,0,0,1,0,0,0,0,0,0
4.784,1,1.3701868057251,0,1,0,0,0,0,0,0,0,0
12.666,1,0.738396644592285,0,0,1,0,0,0,0,0,0,0
8.168,1,54.8008298874,0,0,0,0,1,0,0,0,0,0
44.707,1,20.0407552719116,0,0,1,0,0,0,0,0,1,0
11.149,1,2.24,0,0,0,0,1,0,0,0,0,0
11.53,1,2.24,0,0,0,0,1,0,0,0,0,0
43.092,1,20.0407552719116,0,0,1,0,0,0,0,0,1,0
13.615,1,54.8008298874,0,0,0,0,1,0,0,0,0,0
8.05,1,1.3701868057251,0,1,0,0,0,0,0,0,0,0
10.731,1,54.8008298874,0,0,0,0,1,0,0,0,0,0
6.016,1,1.3701868057251,0,1,0,0,0,0,0,0,0,0
21.281,1,20.0407552719116,0,0,1,0,0,0,0,0,1,0
24.612,1,20.0407552719116,0,0,1,0,0,0,0,0,1,0
11.356,1,0.998874664306641,0,0,0,1,0,0,0,0,0,0
8.668,1,1.3701868057251,0,1,0,0,0,0,0,0,0,0
18.169,1,8.28893089294434,0,0,0,0,0,0,0,0,1,0
15.925,1,54.8008298874,0,0,0,0,1,0,0,0,0,0
14.889,1,2.24,0,0,0,0,1,0,0,0,0,0
10.254,1,54.8008298874,0,0,0,0,1,0,0,0,0,0
38.286,1,20.0407552719116,0,0,1,0,0,0,0,0,1,0
10.022,1,54.8008298874,0,0,0,0,1,0,0,0,0,0
8.054,1,54.8008298874,0,0,0,0,1,0,0,0,0,0
46.446,1,20.0407552719116,0,0,1,0,0,0,0,0,1,0
12.327,1,0.738396644592285,0,0,1,0,0,0,0,0,0,0
33.721,1,20.0407552719116,0,0,1,0,0,0,0,0,1,0
11.986,1,1.3701868057251,0,1,0,0,0,0,0,0,0,0
10.614,1,0.998874664306641,0,0,0,1,0,0,0,0,0,0
18.376,1,8.28893089294434,0,0,0,0,0,0,0,0,1,0
22.977,1,0.738396644592285,0,0,1,0,0,0,0,0,0,0
12.792,1,54.8008298874,0,0,0,0,1,0,0,0,0,0
14.039,1,8.28893089294434,0,0,0,0,0,0,0,0,1,0
71.753,50,25.485445022583,0,1,0,0,0,0,0,0,0,0
9.153,1,1.3701868057251,0,1,0,0,0,0,0,0,0,0
11.131,1,8.28893089294434,0,0,0,0,0,0,0,0,1,0
7.65,1,0.998874664306641,0,0,0,1,0,0,0,0,0,0
13.528,1,0.738396644592285,0,0,1,0,0,0,0,0,0,0
5.003,1,54.8008298874,0,0,0,0,1,0,0,0,0,0
26.51,1,20.0407552719116,0,0,1,0,0,0,0,0,1,0
8.734,1,8.28893089294434,0,0,0,0,0,0,0,0,1,0
10.225,1,0.998874664306641,0,0,0,1,0,0,0,0,0,0
28.36,1,20.0407552719116,0,0,1,0,0,0,0,0,1,0
8.43,1,2.24,0,0,0,0,1,0,0,0,0,0
18.778,1,20.0407552719116,0,0,1,0,0,0,0,0,1,0
8.71,1,54.8008298874,0,0,0,0,1,0,0,0,0,0
9.495,1,2.24,0,0,0,0,1,0,0,0,0,0
6.065,1,8.28893089294434,0,0,0,0,0,0,0,0,1,0
11.705,1,0.998874664306641,0,0,0,1,0,0,0,0,0,0
9.997,1,0.998874664306641,0,0,0,1,0,0,0,0,0,0
29.696,1,20.0407552719116,0,0,1,0,0,0,0,0,1,0
50.913,48,47.9316864013672,0,0,1,0,0,0,0,0,0,0
31.125,1,20.0407552719116,0,0,1,0,0,0,0,0,1,0
9.804,1,2.24,0,0,0,0,1,0,0,0,0,0
25.629,1,20.0407552719116,0,0,1,0,0,0,0,0,1,0
10.583,1,54.8008298874,0,0,0,0,1,0,0,0,0,0
11.494,1,0.998874664306641,0,0,0,1,0,0,0,0,0,0
7.305,1,2.24,0,0,0,0,1,0,0,0,0,0
31.767,1,20.0407552719116,0,0,1,0,0,0,0,0,1,0
29.176,1,20.0407552719116,0,0,1,0,0,0,0,0,1,0
11.966,1,0.738396644592285,0,0,1,0,0,0,0,0,0,0
14.723,1,2.24,0,0,0,0,1,0,0,0,0,0
9.526,1,2.24,0,0,0,0,1,0,0,0,0,0
10.013,1,54.8008298874,0,0,0,0,1,0,0,0,0,0
5.979,1,8.28893089294434,0,0,0,0,0,0,0,0,1,0
6.939,1,8.28893089294434,0,0,0,0,0,0,0,0,1,0
7.625,1,0.998874664306641,0,0,0,1,0,0,0,0,0,0
17.136,2,16.9348630905151,0,0,0,0,0,0,0,1,0,0
6.425,1,1.3701868057251,0,1,0,0,0,0,0,0,0,0
21.035,1,0.738396644592285,0,0,1,0,0,0,0,0,0,0
7.143,1,8.28893089294434,0,0,0,0,0,0,0,0,1,0
7.401,1,8.28893089294434,0,0,0,0,0,0,0,0,1,0
7.901,1,54.8008298874,0,0,0,0,1,0,0,0,0,0
27.168,1,20.0407552719116,0,0,1,0,0,0,0,0,1,0
11.033,2,16.9348630905151,0,0,0,0,0,0,0,1,0,0
12.014,1,0.998874664306641,0,0,0,1,0,0,0,0,0,0
6.801,1,1.3701868057251,0,1,0,0,0,0,0,0,0,0
7.644,1,8.28893089294434,0,0,0,0,0,0,0,0,1,0
26.835,1,20.0407552719116,0,0,1,0,0,0,0,0,1,0
7.755,1,2.24,0,0,0,0,1,0,0,0,0,0
14.767,1,0.738396644592285,0,0,1,0,0,0,0,0,0,0
14.201,1,0.998874664306641,0,0,0,1,0,0,0,0,0,0
11.336,1,1.3701868057251,0,1,0,0,0,0,0,0,0,0
11.353,1,2.24,0,0,0,0,1,0,0,0,0,0
7.967,1,8.28893089294434,0,0,0,0,0,0,0,0,1,0
15.154,1,0.738396644592285,0,0,1,0,0,0,0,0,0,0
15.45,1,0.738396644592285,0,0,1,0,0,0,0,0,0,0
7.087,1,2.24,0,0,0,0,1,0,0,0,0,0
8.047,1,1.3701868057251,0,1,0,0,0,0,0,0,0,0
12.363,1,0.998874664306641,0,0,0,1,0,0,0,0,0,0
17.402,2,16.9348630905151,0,0,0,0,0,0,0,1,0,0
24.452,1,20.0407552719116,0,0,1,0,0,0,0,0,1,0
17.808,1,0.738396644592285,0,0,1,0,0,0,0,0,0,0
14.7,2,16.9348630905151,0,0,0,0,0,0,0,1,0,0
19.256,1,0.738396644592285,0,0,1,0,0,0,0,0,0,0
10.751,1,54.8008298874,0,0,0,0,1,0,0,0,0,0
7.051,1,8.28893089294434,0,0,0,0,0,0,0,0,1,0
13.147,1,1.3701868057251,0,1,0,0,0,0,0,0,0,0
11.496,1,8.28893089294434,0,0,0,0,0,0,0,0,1,0
30.396,1,20.0407552719116,0,0,1,0,0,0,0,0,1,0
9.795,1,1.3701868057251,0,1,0,0,0,0,0,0,0,0
10.916,1,54.8008298874,0,0,0,0,1,0,0,0,0,0
24.75,1,0.998874664306641,0,0,0,1,0,0,0,0,0,0
21.973,1,0.998874664306641,0,0,0,1,0,0,0,0,0,0
23.918,1,20.0407552719116,0,0,1,0,0,0,0,0,1,0
13.892,2,16.9348630905151,0,0,0,0,0,0,0,1,0,0
16.935,2,16.9348630905151,0,0,0,0,0,0,0,1,0,0
4.655,1,2.24,0,0,0,0,1,0,0,0,0,0
21.337,1,0.998874664306641,0,0,0,1,0,0,0,0,0,0
13.638,1,0.998874664306641,0,0,0,1,0,0,0,0,0,0
14.485,2,16.9348630905151,0,0,0,0,0,0,0,1,0,0
15.41,1,1.3701868057251,0,1,0,0,0,0,0,0,0,0
25.767,1,20.0407552719116,0,0,1,0,0,0,0,0,1,0
25.185,1,20.0407552719116,0,0,1,0,0,0,0,0,1,0
4.46,1,2.24,0,0,0,0,1,0,0,0,0,0
6.633,1,8.28893089294434,0,0,0,0,0,0,0,0,1,0
32.785,1,0.738396644592285,0,0,1,0,0,0,0,0,0,0
6.662,1,8.28893089294434,0,0,0,0,0,0,0,0,1,0
9.282,1,2.24,0,0,0,0,1,0,0,0,0,0
38.198,1,0.738396644592285,0,0,1,0,0,0,0,0,0,0
42.412,1,20.0407552719116,0,0,1,0,0,0,0,0,1,0
20.338,1,54.8008298874,0,0,0,0,1,0,0,0,0,0
47.92,1,20.0407552719116,0,0,1,0,0,0,0,0,1,0
21.006,1,54.8008298874,0,0,0,0,1,0,0,0,0,0
38.869,1,20.0407552719116,0,0,1,0,0,0,0,0,1,0
27.45,1,54.8008298874,0,0,0,0,1,0,0,0,0,0
21.899,1,2.24,0,0,0,0,1,0,0,0,0,0
11.944,1,8.28893089294434,0,0,0,0,0,0,0,0,1,0
36.672,1,20.0407552719116,0,0,1,0,0,0,0,0,1,0
15.64,1,0.998874664306641,0,0,0,1,0,0,0,0,0,0
28.249,1,2.24,0,0,0,0,1,0,0,0,0,0
22.53,1,54.8008298874,0,0,0,0,1,0,0,0,0,0
14.336,1,54.8008298874,0,0,0,0,1,0,0,0,0,0
19.229,1,1.3701868057251,0,1,0,0,0,0,0,0,0,0
13.044,1,0.998874664306641,0,0,0,1,0,0,0,0,0,0
14.051,1,1.3701868057251,0,1,0,0,0,0,0,0,0,0
12.77,1,8.28893089294434,0,0,0,0,0,0,0,0,1,0
12.875,1,0.998874664306641,0,0,0,1,0,0,0,0,0,0
10.29,1,8.28893089294434,0,0,0,0,0,0,0,0,1,0
12.007,1,0.738396644592285,0,0,1,0,0,0,0,0,0,0
12.048,1,2.24,0,0,0,0,1,0,0,0,0,0
9.703,1,1.3701868057251,0,1,0,0,0,0,0,0,0,0
20.322,1,0.738396644592285,0,0,1,0,0,0,0,0,0,0
11.803,1,8.28893089294434,0,0,0,0,0,0,0,0,1,0
64.066,2,16.9348630905151,0,0,0,0,0,0,0,1,0,0
13.579,1,1.3701868057251,0,1,0,0,0,0,0,0,0,0
57.958,2,16.9348630905151,0,0,0,0,0,0,0,1,0,0
14.793,1,0.998874664306641,0,0,0,1,0,0,0,0,0,0
11.093,1,8.28893089294434,0,0,0,0,0,0,0,0,1,0
12.166,1,2.24,0,0,0,0,1,0,0,0,0,0
8.978,1,8.28893089294434,0,0,0,0,0,0,0,0,1,0
15.753,1,2.24,0,0,0,0,1,0,0,0,0,0
21.035,1,0.998874664306641,0,0,0,1,0,0,0,0,0,0
84.834,50,1065.02231025696,0,0,0,0,0,0,0,0,1,0
79.342,2,16.9348630905151,0,0,0,0,0,0,0,1,0,0
21.688,1,0.998874664306641,0,0,0,1,0,0,0,0,0,0
13.345,1,0.738396644592285,0,0,1,0,0,0,0,0,0,0
30.011,1,20.0407552719116,0,0,1,0,0,0,0,0,1,0
20.906,1,0.998874664306641,0,0,0,1,0,0,0,0,0,0
9.836,1,1.3701868057251,0,1,0,0,0,0,0,0,0,0
13.72,1,0.998874664306641,0,0,0,1,0,0,0,0,0,0
81.148,50,423.28272819519,0,0,0,0,0,0,0,1,0,0
19.803,1,54.8008298874,0,0,0,0,1,0,0,0,0,0
11.36,1,0.998874664306641,0,0,0,1,0,0,0,0,0,0
16.153,1,54.8008298874,0,0,0,0,1,0,0,0,0,0
21.963,1,0.738396644592285,0,0,1,0,0,0,0,0,0,0
12.549,1,54.8008298874,0,0,0,0,1,0,0,0,0,0
11.841,1,8.28893089294434,0,0,0,0,0,0,0,0,1,0
22.498,1,20.0407552719116,0,0,1,0,0,0,0,0,1,0
12.335,1,8.28893089294434,0,0,0,0,0,0,0,0,1,0
18.348,2,16.9348630905151,0,0,0,0,0,0,0,1,0,0
26.102,1,54.8008298874,0,0,0,0,1,0,0,0,0,0
28.925,1,20.0407552719116,0,0,1,0,0,0,0,0,1,0
21.879,1,54.8008298874,0,0,0,0,1,0,0,0,0,0
5.936,1,54.8008298874,0,0,0,0,1,0,0,0,0,0
32.877,1,20.0407552719116,0,0,1,0,0,0,0,0,1,0
21.715,1,0.738396644592285,0,0,1,0,0,0,0,0,0,0
10.971,1,0.738396644592285,0,0,1,0,0,0,0,0,0,0
11.728,1,1.3701868057251,0,1,0,0,0,0,0,0,0,0
11.062,1,0.998874664306641,0,0,0,1,0,0,0,0,0,0
33.241,1,20.0407552719116,0,0,1,0,0,0,0,0,1,0
7.682,1,0.998874664306641,0,0,0,1,0,0,0,0,0,0
12.568,1,1.3701868057251,0,1,0,0,0,0,0,0,0,0
8.147,1,54.8008298874,0,0,0,0,1,0,0,0,0,0
9.451,1,1.3701868057251,0,1,0,0,0,0,0,0,0,0
14.281,1,0.998874664306641,0,0,0,1,0,0,0,0,0,0
13.725,2,16.9348630905151,0,0,0,0,0,0,0,1,0,0
10.327,1,8.28893089294434,0,0,0,0,0,0,0,0,1,0
16.177,1,0.738396644592285,0,0,1,0,0,0,0,0,0,0
35.664,1,20.0407552719116,0,0,1,0,0,0,0,0,1,0
12.414,1,54.8008298874,0,0,0,0,1,0,0,0,0,0
34.474,1,20.0407552719116,0,0,1,0,0,0,0,0,1,0
11.145,1,1.3701868057251,0,1,0,0,0,0,0,0,0,0
15.464,1,2.24,0,0,0,0,1,0,0,0,0,0
10.198,1,54.8008298874,0,0,0,0,1,0,0,0,0,0
30.148,1,0.738396644592285,0,0,1,0,0,0,0,0,0,0
12.713,1,8.28893089294434,0,0,0,0,0,0,0,0,1,0
25.004,1,0.738396644592285,0,0,1,0,0,0,0,0,0,0
12.917,1,0.738396644592285,0,0,1,0,0,0,0,0,0,0
28,1,20.0407552719116,0,0,1,0,0,0,0,0,1,0
14.939,1,0.998874664306641,0,0,0,1,0,0,0,0,0,0
17.062,1,2.24,0,0,0,0,1,0,0,0,0,0
11.719,1,8.28893089294434,0,0,0,0,0,0,0,0,1,0
11.188,1,2.24,0,0,0,0,1,0,0,0,0,0
9.411,1,0.998874664306641,0,0,0,1,0,0,0,0,0,0
26.903,1,20.0407552719116,0,0,1,0,0,0,0,0,1,0
4.861,1,2.24,0,0,0,0,1,0,0,0,0,0
24.246,1,20.0407552719116,0,0,1,0,0,0,0,0,1,0
13.482,1,8.28893089294434,0,0,0,0,0,0,0,0,1,0
17.715,1,0.998874664306641,0,0,0,1,0,0,0,0,0,0
9.861,1,0.998874664306641,0,0,0,1,0,0,0,0,0,0
7.296,1,1.3701868057251,0,1,0,0,0,0,0,0,0,0
22.268,1,0.738396644592285,0,0,1,0,0,0,0,0,0,0
8.179,1,1.3701868057251,0,1,0,0,0,0,0,0,0,0
32.976,1,20.0407552719116,0,0,1,0,0,0,0,0,1,0
14.397,1,0.738396644592285,0,0,1,0,0,0,0,0,0,0
14.886,1,0.738396644592285,0,0,1,0,0,0,0,0,0,0
8.177,1,1.3701868057251,0,1,0,0,0,0,0,0,0,0
36.468,1,20.0407552719116,0,0,1,0,0,0,0,0,1,0
8.785,1,1.3701868057251,0,1,0,0,0,0,0,0,0,0
4.918,1,54.8008298874,0,0,0,0,1,0,0,0,0,0
29.247,1,20.0407552719116,0,0,1,0,0,0,0,0,1,0
14.187,2,16.9348630905151,0,0,0,0,0,0,0,1,0,0
11.957,1,0.998874664306641,0,0,0,1,0,0,0,0,0,0
18.591,1,0.738396644592285,0,0,1,0,0,0,0,0,0,0
17.628,2,16.9348630905151,0,0,0,0,0,0,0,1,0,0
13.287,2,16.9348630905151,0,0,0,0,0,0,0,1,0,0
23.514,1,0.738396644592285,0,0,1,0,0,0,0,0,0,0
7.372,1,1.3701868057251,0,1,0,0,0,0,0,0,0,0
6.129,1,1.3701868057251,0,1,0,0,0,0,0,0,0,0
33.792,1,0.738396644592285,0,0,1,0,0,0,0,0,0,0
19.352,1,0.738396644592285,0,0,1,0,0,0,0,0,0,0
4.341,1,1.3701868057251,0,1,0,0,0,0,0,0,0,0
11.491,1,54.8008298874,0,0,0,0,1,0,0,0,0,0
41.81,1,0.738396644592285,0,0,1,0,0,0,0,0,0,0
11.886,2,16.9348630905151,0,0,0,0,0,0,0,1,0,0
36.065,1,0.738396644592285,0,0,1,0,0,0,0,0,0,0
12.949,1,54.8008298874,0,0,0,0,1,0,0,0,0,0
7.914,1,2.24,0,0,0,0,1,0,0,0,0,0
12.002,1,8.28893089294434,0,0,0,0,0,0,0,0,1,0
44.434,1,20.0407552719116,0,0,1,0,0,0,0,0,1,0
7.037,1,8.28893089294434,0,0,0,0,0,0,0,0,1,0
18.336,1,0.738396644592285,0,0,1,0,0,0,0,0,0,0
33.895,1,20.0407552719116,0,0,1,0,0,0,0,0,1,0
4.666,1,1.3701868057251,0,1,0,0,0,0,0,0,0,0
25.402,1,0.738396644592285,0,0,1,0,0,0,0,0,0,0
9.567,1,2.24,0,0,0,0,1,0,0,0,0,0
11.566,1,0.998874664306641,0,0,0,1,0,0,0,0,0,0
8.506,1,1.3701868057251,0,1,0,0,0,0,0,0,0,0
11.292,1,8.28893089294434,0,0,0,0,0,0,0,0,1,0
11.178,1,0.998874664306641,0,0,0,1,0,0,0,0,0,0
12.548,2,16.9348630905151,0,0,0,0,0,0,0,1,0,0
11.291,1,8.28893089294434,0,0,0,0,0,0,0,0,1,0
4.499,1,1.3701868057251,0,1,0,0,0,0,0,0,0,0
44.686,1,20.0407552719116,0,0,1,0,0,0,0,0,1,0
11.215,1,0.738396644592285,0,0,1,0,0,0,0,0,0,0
6.435,1,2.24,0,0,0,0,1,0,0,0,0,0
6.537,1,8.28893089294434,0,0,0,0,0,0,0,0,1,0
8.723,1,54.8008298874,0,0,0,0,1,0,0,0,0,0
52.226,1,20.0407552719116,0,0,1,0,0,0,0,0,1,0
11.508,1,0.738396644592285,0,0,1,0,0,0,0,0,0,0
48.611,1,20.0407552719116,0,0,1,0,0,0,0,0,1,0
12.593,1,8.28893089294434,0,0,0,0,0,0,0,0,1,0
47.314,1,20.0407552719116,0,0,1,0,0,0,0,0,1,0
5.773,1,1.3701868057251,0,1,0,0,0,0,0,0,0,0
15.984,2,16.9348630905151,0,0,0,0,0,0,0,1,0,0
28.476,1,20.0407552719116,0,0,1,0,0,0,0,0,1,0
14.458,1,0.998874664306641,0,0,0,1,0,0,0,0,0,0
18.671,1,54.8008298874,0,0,0,0,1,0,0,0,0,0
23.683,1,0.998874664306641,0,0,0,1,0,0,0,0,0,0
15.858,1,0.998874664306641,0,0,0,1,0,0,0,0,0,0
23.787,1,54.8008298874,0,0,0,0,1,0,0,0,0,0
11.524,1,2.24,0,0,0,0,1,0,0,0,0,0
38.764,1,0.738396644592285,0,0,1,0,0,0,0,0,0,0
46.512,1,20.0407552719116,0,0,1,0,0,0,0,0,1,0
27.194,1,20.0407552719116,0,0,1,0,0,0,0,0,1,0
15.152,1,2.24,0,0,0,0,1,0,0,0,0,0
13.079,1,1.3701868057251,0,1,0,0,0,0,0,0,0,0
8.482,1,1.3701868057251,0,1,0,0,0,0,0,0,0,0
9.914,1,2.24,0,0,0,0,1,0,0,0,0,0
10.673,1,0.998874664306641,0,0,0,1,0,0,0,0,0,0
21.946,1,0.738396644592285,0,0,1,0,0,0,0,0,0,0
6.67,1,54.8008298874,0,0,0,0,1,0,0,0,0,0
21.391,1,0.738396644592285,0,0,1,0,0,0,0,0,0,0
8.858,1,1.3701868057251,0,1,0,0,0,0,0,0,0,0
28.768,1,20.0407552719116,0,0,1,0,0,0,0,0,1,0
52.2,2,16.9348630905151,0,0,0,0,0,0,0,1,0,0
14.065,1,54.8008298874,0,0,0,0,1,0,0,0,0,0
16.48,1,0.998874664306641,0,0,0,1,0,0,0,0,0,0
7.147,1,1.3701868057251,0,1,0,0,0,0,0,0,0,0
56.604,2,16.9348630905151,0,0,0,0,0,0,0,1,0,0
30.205,1,20.0407552719116,0,0,1,0,0,0,0,0,1,0
9.667,1,8.28893089294434,0,0,0,0,0,0,0,0,1,0
81.519,50,423.28272819519,0,0,0,0,0,0,0,1,0,0
11.881,1,0.998874664306641,0,0,0,1,0,0,0,0,0,0
14.146,2,16.9348630905151,0,0,0,0,0,0,0,1,0,0
22.668,1,20.0407552719116,0,0,1,0,0,0,0,0,1,0
6.696,1,1.3701868057251,0,1,0,0,0,0,0,0,0,0
6.728,1,8.28893089294434,0,0,0,0,0,0,0,0,1,0
9.151,1,0.998874664306641,0,0,0,1,0,0,0,0,0,0
18.015,1,2.24,0,0,0,0,1,0,0,0,0,0
5.603,1,2.24,0,0,0,0,1,0,0,0,0,0
10.83,1,8.28893089294434,0,0,0,0,0,0,0,0,1,0
22.833,2,16.9348630905151,0,0,0,0,0,0,0,1,0,0
10.714,2,16.9348630905151,0,0,0,0,0,0,0,1,0,0
26.417,1,20.0407552719116,0,0,1,0,0,0,0,0,1,0
9.56,1,1.3701868057251,0,1,0,0,0,0,0,0,0,0
14.72,1,0.998874664306641,0,0,0,1,0,0,0,0,0,0
10.838,1,1.3701868057251,0,1,0,0,0,0,0,0,0,0
11.572,1,0.738396644592285,0,0,1,0,0,0,0,0,0,0
8.212,1,8.28893089294434,0,0,0,0,0,0,0,0,1,0
6.829,1,1.3701868057251,0,1,0,0,0,0,0,0,0,0
8.967,1,54.8008298874,0,0,0,0,1,0,0,0,0,0
6.921,1,2.24,0,0,0,0,1,0,0,0,0,0
24.949,1,0.998874664306641,0,0,0,1,0,0,0,0,0,0
7.368,1,2.24,0,0,0,0,1,0,0,0,0,0
16.347,1,0.998874664306641,0,0,0,1,0,0,0,0,0,0
25.35,2,16.9348630905151,0,0,0,0,0,0,0,1,0,0
30.787,1,20.0407552719116,0,0,1,0,0,0,0,0,1,0
20.44,2,16.9348630905151,0,0,0,0,0,0,0,1,0,0
10.417,1,1.3701868057251,0,1,0,0,0,0,0,0,0,0
17.324,2,16.9348630905151,0,0,0,0,0,0,0,1,0,0
15.011,1,8.28893089294434,0,0,0,0,0,0,0,0,1,0
5.882,1,54.8008298874,0,0,0,0,1,0,0,0,0,0
26.126,1,20.0407552719116,0,0,1,0,0,0,0,0,1,0
5.083,1,1.3701868057251,0,1,0,0,0,0,0,0,0,0
20.103,1,0.738396644592285,0,0,1,0,0,0,0,0,0,0
85.871,50,25.485445022583,0,1,0,0,0,0,0,0,0,0
8.101,1,8.28893089294434,0,0,0,0,0,0,0,0,1,0
8.624,1,1.3701868057251,0,1,0,0,0,0,0,0,0,0
9.87,1,54.8008298874,0,0,0,0,1,0,0,0,0,0
22.219,1,0.738396644592285,0,0,1,0,0,0,0,0,0,0
10.721,1,54.8008298874,0,0,0,0,1,0,0,0,0,0
17.321,1,0.738396644592285,0,0,1,0,0,0,0,0,0,0
9.298,1,54.8008298874,0,0,0,0,1,0,0,0,0,0
11.912,1,0.998874664306641,0,0,0,1,0,0,0,0,0,0
19.591,1,0.738396644592285,0,0,1,0,0,0,0,0,0,0
110.877,50,25.485445022583,0,1,0,0,0,0,0,0,0,0
12.229,1,0.738396644592285,0,0,1,0,0,0,0,0,0,0
10.715,1,1.3701868057251,0,1,0,0,0,0,0,0,0,0
11.888,1,8.28893089294434,0,0,0,0,0,0,0,0,1,0
9.763,1,54.8008298874,0,0,0,0,1,0,0,0,0,0
19.816,1,20.0407552719116,0,0,1,0,0,0,0,0,1,0
17.546,1,0.998874664306641,0,0,0,1,0,0,0,0,0,0
16.086,1,0.738396644592285,0,0,1,0,0,0,0,0,0,0
8.22,1,54.8008298874,0,0,0,0,1,0,0,0,0,0
13.046,1,0.738396644592285,0,0,1,0,0,0,0,0,0,0
13.06,2,16.9348630905151,0,0,0,0,0,0,0,1,0,0
25.641,1,20.0407552719116,0,0,1,0,0,0,0,0,1,0
7.262,1,54.8008298874,0,0,0,0,1,0,0,0,0,0
13.852,1,0.738396644592285,0,0,1,0,0,0,0,0,0,0
23.603,1,0.998874664306641,0,0,0,1,0,0,0,0,0,0
12.935,1,0.998874664306641,0,0,0,1,0,0,0,0,0,0
9.222,1,54.8008298874,0,0,0,0,1,0,0,0,0,0
11.59,1,0.738396644592285,0,0,1,0,0,0,0,0,0,0
12.137,1,8.28893089294434,0,0,0,0,0,0,0,0,1,0
31.539,1,20.0407552719116,0,0,1,0,0,0,0,0,1,0
8.844,1,2.24,0,0,0,0,1,0,0,0,0,0
19.622,1,0.998874664306641,0,0,0,1,0,0,0,0,0,0
9.416,1,0.998874664306641,0,0,0,1,0,0,0,0,0,0
15.841,2,16.9348630905151,0,0,0,0,0,0,0,1,0,0
29.703,1,20.0407552719116,0,0,1,0,0,0,0,0,1,0
12.885,1,0.738396644592285,0,0,1,0,0,0,0,0,0,0
11.978,1,8.28893089294434,0,0,0,0,0,0,0,0,1,0
8.455,1,54.8008298874,0,0,0,0,1,0,0,0,0,0
10.418,1,0.738396644592285,0,0,1,0,0,0,0,0,0,0
12.545,1,8.28893089294434,0,0,0,0,0,0,0,0,1,0
5.97,1,2.24,0,0,0,0,1,0,0,0,0,0
11.822,1,54.8008298874,0,0,0,0,1,0,0,0,0,0
8.429,1,8.28893089294434,0,0,0,0,0,0,0,0,1,0
17.844,1,0.998874664306641,0,0,0,1,0,0,0,0,0,0
14.605,1,8.28893089294434,0,0,0,0,0,0,0,0,1,0
7.646,1,2.24,0,0,0,0,1,0,0,0,0,0
41.279,1,20.0407552719116,0,0,1,0,0,0,0,0,1,0
26.546,1,20.0407552719116,0,0,1,0,0,0,0,0,1,0
11.754,1,0.998874664306641,0,0,0,1,0,0,0,0,0,0
8.835,1,2.24,0,0,0,0,1,0,0,0,0,0
12.079,1,0.738396644592285,0,0,1,0,0,0,0,0,0,0
11.813,1,8.28893089294434,0,0,0,0,0,0,0,0,1,0
44.861,1,20.0407552719116,0,0,1,0,0,0,0,0,1,0
8.375,1,8.28893089294434,0,0,0,0,0,0,0,0,1,0
13.239,1,0.998874664306641,0,0,0,1,0,0,0,0,0,0
46.789,1,20.0407552719116,0,0,1,0,0,0,0,0,1,0
7.708,1,1.3701868057251,0,1,0,0,0,0,0,0,0,0
17.241,1,0.738396644592285,0,0,1,0,0,0,0,0,0,0
6.045,1,2.24,0,0,0,0,1,0,0,0,0,0
39.581,1,20.0407552719116,0,0,1,0,0,0,0,0,1,0
19.314,2,16.9348630905151,0,0,0,0,0,0,0,1,0,0
26.349,1,0.738396644592285,0,0,1,0,0,0,0,0,0,0
16.97,1,8.28893089294434,0,0,0,0,0,0,0,0,1,0
4.843,1,1.3701868057251,0,1,0,0,0,0,0,0,0,0
43.466,1,20.0407552719116,0,0,1,0,0,0,0,0,1,0
8.206,1,8.28893089294434,0,0,0,0,0,0,0,0,1,0
18.362,1,0.738396644592285,0,0,1,0,0,0,0,0,0,0
8.043,1,54.8008298874,0,0,0,0,1,0,0,0,0,0
11.469,1,0.998874664306641,0,0,0,1,0,0,0,0,0,0
23.612,1,20.0407552719116,0,0,1,0,0,0,0,0,1,0
11.554,2,16.9348630905151,0,0,0,0,0,0,0,1,0,0
16.608,1,0.738396644592285,0,0,1,0,0,0,0,0,0,0
17.273,1,0.738396644592285,0,0,1,0,0,0,0,0,0,0
21.397,1,20.0407552719116,0,0,1,0,0,0,0,0,1,0
6.507,1,54.8008298874,0,0,0,0,1,0,0,0,0,0
12.469,1,0.738396644592285,0,0,1,0,0,0,0,0,0,0
11.9,1,54.8008298874,0,0,0,0,1,0,0,0,0,0
12.999,1,0.738396644592285,0,0,1,0,0,0,0,0,0,0
8.76,1,54.8008298874,0,0,0,0,1,0,0,0,0,0
9.148,1,2.24,0,0,0,0,1,0,0,0,0,0
6.633,1,1.3701868057251,0,1,0,0,0,0,0,0,0,0
17.088,1,1.3701868057251,0,1,0,0,0,0,0,0,0,0
10.104,1,54.8008298874,0,0,0,0,1,0,0,0,0,0
13.053,1,0.998874664306641,0,0,0,1,0,0,0,0,0,0
31.889,1,20.0407552719116,0,0,1,0,0,0,0,0,1,0
12.253,1,54.8008298874,0,0,0,0,1,0,0,0,0,0
13.809,1,0.738396644592285,0,0,1,0,0,0,0,0,0,0
8.582,1,2.24,0,0,0,0,1,0,0,0,0,0
10.897,1,2.24,0,0,0,0,1,0,0,0,0,0
11.227,1,8.28893089294434,0,0,0,0,0,0,0,0,1,0
6.838,1,8.28893089294434,0,0,0,0,0,0,0,0,1,0
8.877,1,0.998874664306641,0,0,0,1,0,0,0,0,0,0
20.22,1,20.0407552719116,0,0,1,0,0,0,0,0,1,0
16.698,1,2.24,0,0,0,0,1,0,0,0,0,0
6.829,1,2.24,0,0,0,0,1,0,0,0,0,0
22.929,1,2.24,0,0,0,0,1,0,0,0,0,0
16.729,1,2.24,0,0,0,0,1,0,0,0,0,0
17.448,1,2.24,0,0,0,0,1,0,0,0,0,0
15.304,1,0.738396644592285,0,0,1,0,0,0,0,0,0,0
6.339,1,8.28893089294434,0,0,0,0,0,0,0,0,1,0
26.645,1,20.0407552719116,0,0,1,0,0,0,0,0,1,0
11.055,1,8.28893089294434,0,0,0,0,0,0,0,0,1,0
15.382,1,1.3701868057251,0,1,0,0,0,0,0,0,0,0
22.95,1,0.998874664306641,0,0,0,1,0,0,0,0,0,0
16.51,1,0.998874664306641,0,0,0,1,0,0,0,0,0,0
9.82,1,54.8008298874,0,0,0,0,1,0,0,0,0,0
9.297,1,54.8008298874,0,0,0,0,1,0,0,0,0,0
8.163,1,1.3701868057251,0,1,0,0,0,0,0,0,0,0
18.592,1,0.738396644592285,0,0,1,0,0,0,0,0,0,0
9.348,1,8.28893089294434,0,0,0,0,0,0,0,0,1,0
12.562,1,0.738396644592285,0,0,1,0,0,0,0,0,0,0
13.656,2,16.9348630905151,0,0,0,0,0,0,0,1,0,0
14.619,2,16.9348630905151,0,0,0,0,0,0,0,1,0,0
23.947,1,20.0407552719116,0,0,1,0,0,0,0,0,1,0
10.076,1,54.8008298874,0,0,0,0,1,0,0,0,0,0
9.535,1,54.8008298874,0,0,0,0,1,0,0,0,0,0
9.025,2,16.9348630905151,0,0,0,0,0,0,0,1,0,0
8.009,1,54.8008298874,0,0,0,0,1,0,0,0,0,0
8.769,1,8.28893089294434,0,0,0,0,0,0,0,0,1,0
32.674,1,20.0407552719116,0,0,1,0,0,0,0,0,1,0
10.373,1,0.998874664306641,0,0,0,1,0,0,0,0,0,0
36.727,1,0.738396644592285,0,0,1,0,0,0,0,0,0,0
5.213,1,54.8008298874,0,0,0,0,1,0,0,0,0,0
7.82,1,8.28893089294434,0,0,0,0,0,0,0,0,1,0
31.913,1,20.0407552719116,0,0,1,0,0,0,0,0,1,0
8.865,1,8.28893089294434,0,0,0,0,0,0,0,0,1,0
6.598,1,1.3701868057251,0,1,0,0,0,0,0,0,0,0
7.095,1,2.24,0,0,0,0,1,0,0,0,0,0
8.096,1,54.8008298874,0,0,0,0,1,0,0,0,0,0
46.268,1,20.0407552719116,0,0,1,0,0,0,0,0,1,0
11.675,1,1.3701868057251,0,1,0,0,0,0,0,0,0,0
39.21,1,0.738396644592285,0,0,1,0,0,0,0,0,0,0
30.239,1,20.0407552719116,0,0,1,0,0,0,0,0,1,0
7.678,1,8.28893089294434,0,0,0,0,0,0,0,0,1,0
22.314,1,20.0407552719116,0,0,1,0,0,0,0,0,1,0
13.949,2,16.9348630905151,0,0,0,0,0,0,0,1,0,0
8.266,1,1.3701868057251,0,1,0,0,0,0,0,0,0,0
17.825,2,16.9348630905151,0,0,0,0,0,0,0,1,0,0
7.734,1,2.24,0,0,0,0,1,0,0,0,0,0
8.626,1,2.24,0,0,0,0,1,0,0,0,0,0
14.432,1,0.998874664306641,0,0,0,1,0,0,0,0,0,0
25.037,1,20.0407552719116,0,0,1,0,0,0,0,0,1,0
5.805,1,2.24,0,0,0,0,1,0,0,0,0,0
8.651,1,8.28893089294434,0,0,0,0,0,0,0,0,1,0
12.695,1,0.998874664306641,0,0,0,1,0,0,0,0,0,0
24.4,1,20.0407552719116,0,0,1,0,0,0,0,0,1,0
10.702,1,54.8008298874,0,0,0,0,1,0,0,0,0,0
24.413,2,16.9348630905151,0,0,0,0,0,0,0,1,0,0
8.171,1,1.3701868057251,0,1,0,0,0,0,0,0,0,0
6.066,1,8.28893089294434,0,0,0,0,0,0,0,0,1,0
12.518,1,0.998874664306641,0,0,0,1,0,0,0,0,0,0
9.342,1,2.24,0,0,0,0,1,0,0,0,0,0
8.872,1,8.28893089294434,0,0,0,0,0,0,0,0,1,0
24.128,2,16.9348630905151,0,0,0,0,0,0,0,1,0,0
12.113,1,0.998874664306641,0,0,0,1,0,0,0,0,0,0
8.011,1,2.24,0,0,0,0,1,0,0,0,0,0
7.823,1,8.28893089294434,0,0,0,0,0,0,0,0,1,0
19.326,1,1.3701868057251,0,1,0,0,0,0,0,0,0,0
5.984,1,8.28893089294434,0,0,0,0,0,0,0,0,1,0
25.84,1,20.0407552719116,0,0,1,0,0,0,0,0,1,0
15.731,1,1.3701868057251,0,1,0,0,0,0,0,0,0,0
7.968,1,2.24,0,0,0,0,1,0,0,0,0,0
29.986,2,16.9348630905151,0,0,0,0,0,0,0,1,0,0
11.926,1,0.998874664306641,0,0,0,1,0,0,0,0,0,0
9.716,1,1.3701868057251,0,1,0,0,0,0,0,0,0,0
26.335,1,20.0407552719116,0,0,1,0,0,0,0,0,1,0
8.494,1,54.8008298874,0,0,0,0,1,0,0,0,0,0
13.057,1,0.738396644592285,0,0,1,0,0,0,0,0,0,0
16.7,2,16.9348630905151,0,0,0,0,0,0,0,1,0,0
6.407,1,2.24,0,0,0,0,1,0,0,0,0,0
8.896,1,1.3701868057251,0,1,0,0,0,0,0,0,0,0
12.549,2,16.9348630905151,0,0,0,0,0,0,0,1,0,0
7.143,1,8.28893089294434,0,0,0,0,0,0,0,0,1,0
24.69,1,0.998874664306641,0,0,0,1,0,0,0,0,0,0
7.486,1,8.28893089294434,0,0,0,0,0,0,0,0,1,0
23.911,1,20.0407552719116,0,0,1,0,0,0,0,0,1,0
22.025,1,0.998874664306641,0,0,0,1,0,0,0,0,0,0
24.344,1,20.0407552719116,0,0,1,0,0,0,0,0,1,0
12.3,1,0.998874664306641,0,0,0,1,0,0,0,0,0,0
10.51,1,54.8008298874,0,0,0,0,1,0,0,0,0,0
16.223,1,2.24,0,0,0,0,1,0,0,0,0,0
12.442,1,2.24,0,0,0,0,1,0,0,0,0,0
9.916,1,8.28893089294434,0,0,0,0,0,0,0,0,1,0
14.904,1,54.8008298874,0,0,0,0,1,0,0,0,0,0
13.716,1,0.738396644592285,0,0,1,0,0,0,0,0,0,0
10.022,1,2.24,0,0,0,0,1,0,0,0,0,0
10.495,1,2.24,0,0,0,0,1,0,0,0,0,0
8.31,1,54.8008298874,0,0,0,0,1,0,0,0,0,0
9.693,1,8.28893089294434,0,0,0,0,0,0,0,0,1,0
28.215,1,20.0407552719116,0,0,1,0,0,0,0,0,1,0
5.492,1,2.24,0,0,0,0,1,0,0,0,0,0
12.854,2,16.9348630905151,0,0,0,0,0,0,0,1,0,0
14.077,1,0.738396644592285,0,0,1,0,0,0,0,0,0,0
11.794,1,8.28893089294434,0,0,0,0,0,0,0,0,1,0
34.447,1,20.0407552719116,0,0,1,0,0,0,0,0,1,0
13.564,1,1.3701868057251,0,1,0,0,0,0,0,0,0,0
10.583,1,0.998874664306641,0,0,0,1,0,0,0,0,0,0
4.909,1,2.24,0,0,0,0,1,0,0,0,0,0
4.097,1,2.24,0,0,0,0,1,0,0,0,0,0
30.262,1,20.0407552719116,0,0,1,0,0,0,0,0,1,0
12.527,1,0.738396644592285,0,0,1,0,0,0,0,0,0,0
6.346,1,54.8008298874,0,0,0,0,1,0,0,0,0,0
16.79,2,16.9348630905151,0,0,0,0,0,0,0,1,0,0
4.282,1,2.24,0,0,0,0,1,0,0,0,0,0
27.812,1,20.0407552719116,0,0,1,0,0,0,0,0,1,0
8.441,1,8.28893089294434,0,0,0,0,0,0,0,0,1,0
4.885,1,54.8008298874,0,0,0,0,1,0,0,0,0,0
16.562,2,16.9348630905151,0,0,0,0,0,0,0,1,0,0
8.607,1,2.24,0,0,0,0,1,0,0,0,0,0
17.467,1,0.738396644592285,0,0,1,0,0,0,0,0,0,0
4.888,1,2.24,0,0,0,0,1,0,0,0,0,0
30.249,1,20.0407552719116,0,0,1,0,0,0,0,0,1,0
9.143,1,8.28893089294434,0,0,0,0,0,0,0,0,1,0
11.453,1,0.738396644592285,0,0,1,0,0,0,0,0,0,0
6.835,1,2.24,0,0,0,0,1,0,0,0,0,0
4.418,1,1.3701868057251,0,1,0,0,0,0,0,0,0,0
8.806,1,54.8008298874,0,0,0,0,1,0,0,0,0,0
6.245,1,2.24,0,0,0,0,1,0,0,0,0,0
106.942,50,1065.02231025696,0,0,0,0,0,0,0,0,1,0
16.472,1,0.738396644592285,0,0,1,0,0,0,0,0,0,0
11.427,1,0.738396644592285,0,0,1,0,0,0,0,0,0,0
10.669,1,0.998874664306641,0,0,0,1,0,0,0,0,0,0
11.36,1,8.28893089294434,0,0,0,0,0,0,0,0,1,0
13.294,1,0.738396644592285,0,0,1,0,0,0,0,0,0,0
13.001,1,0.738396644592285,0,0,1,0,0,0,0,0,0,0
14.078,1,0.738396644592285,0,0,1,0,0,0,0,0,0,0
12.79,1,0.998874664306641,0,0,0,1,0,0,0,0,0,0
9.053,1,8.28893089294434,0,0,0,0,0,0,0,0,1,0
10.228,1,1.3701868057251,0,1,0,0,0,0,0,0,0,0
9.022,1,54.8008298874,0,0,0,0,1,0,0,0,0,0
25.364,1,20.0407552719116,0,0,1,0,0,0,0,0,1,0
8.477,1,8.28893089294434,0,0,0,0,0,0,0,0,1,0
9.257,1,0.998874664306641,0,0,0,1,0,0,0,0,0,0
12.497,1,54.8008298874,0,0,0,0,1,0,0,0,0,0
9.8,1,2.24,0,0,0,0,1,0,0,0,0,0
14.765,1,0.738396644592285,0,0,1,0,0,0,0,0,0,0
6.129,1,1.3701868057251,0,1,0,0,0,0,0,0,0,0
11.494,1,0.738396644592285,0,0,1,0,0,0,0,0,0,0
9.271,1,2.24,0,0,0,0,1,0,0,0,0,0
4.653,1,2.24,0,0,0,0,1,0,0,0,0,0
10.241,1,1.3701868057251,0,1,0,0,0,0,0,0,0,0
17.728,1,0.738396644592285,0,0,1,0,0,0,0,0,0,0
14.779,2,16.9348630905151,0,0,0,0,0,0,0,1,0,0
8.374,1,2.24,0,0,0,0,1,0,0,0,0,0
16.727,1,0.738396644592285,0,0,1,0,0,0,0,0,0,0
21.379,1,0.738396644592285,0,0,1,0,0,0,0,0,0,0
8.609,1,2.24,0,0,0,0,1,0,0,0,0,0
16.864,1,0.738396644592285,0,0,1,0,0,0,0,0,0,0
10.183,1,1.3701868057251,0,1,0,0,0,0,0,0,0,0
26.005,1,20.0407552719116,0,0,1,0,0,0,0,0,1,0
11.024,1,0.998874664306641,0,0,0,1,0,0,0,0,0,0
38.188,1,0.738396644592285,0,0,1,0,0,0,0,0,0,0
45.284,1,20.0407552719116,0,0,1,0,0,0,0,0,1,0
10.136,1,0.998874664306641,0,0,0,1,0,0,0,0,0,0
48.155,1,20.0407552719116,0,0,1,0,0,0,0,0,1,0
34.681,1,0.738396644592285,0,0,1,0,0,0,0,0,0,0
49.558,1,20.0407552719116,0,0,1,0,0,0,0,0,1,0
9.046,1,0.998874664306641,0,0,0,1,0,0,0,0,0,0
20.814,1,0.738396644592285,0,0,1,0,0,0,0,0,0,0
8.48,1,1.3701868057251,0,1,0,0,0,0,0,0,0,0
55.212,48,47.9316864013672,0,0,1,0,0,0,0,0,0,0
16.84,1,0.738396644592285,0,0,1,0,0,0,0,0,0,0
9.592,1,1.3701868057251,0,1,0,0,0,0,0,0,0,0
10.985,1,8.28893089294434,0,0,0,0,0,0,0,0,1,0
11.609,1,0.998874664306641,0,0,0,1,0,0,0,0,0,0
17.83,2,16.9348630905151,0,0,0,0,0,0,0,1,0,0
13.726,1,0.998874664306641,0,0,0,1,0,0,0,0,0,0
9.76,1,0.998874664306641,0,0,0,1,0,0,0,0,0,0
10.603,1,0.998874664306641,0,0,0,1,0,0,0,0,0,0
25.906,1,0.738396644592285,0,0,1,0,0,0,0,0,0,0
22.589,2,16.9348630905151,0,0,0,0,0,0,0,1,0,0
11.996,1,2.24,0,0,0,0,1,0,0,0,0,0
39.575,1,20.0407552719116,0,0,1,0,0,0,0,0,1,0
17.914,1,0.738396644592285,0,0,1,0,0,0,0,0,0,0
9.19,1,0.998874664306641,0,0,0,1,0,0,0,0,0,0
20.505,1,54.8008298874,0,0,0,0,1,0,0,0,0,0
15.985,1,54.8008298874,0,0,0,0,1,0,0,0,0,0
10.532,1,1.3701868057251,0,1,0,0,0,0,0,0,0,0
14.338,1,2.24,0,0,0,0,1,0,0,0,0,0
23.221,1,54.8008298874,0,0,0,0,1,0,0,0,0,0
12.089,1,8.28893089294434,0,0,0,0,0,0,0,0,1,0
9.17,1,1.3701868057251,0,1,0,0,0,0,0,0,0,0
10.457,1,54.8008298874,0,0,0,0,1,0,0,0,0,0
47.011,1,20.0407552719116,0,0,1,0,0,0,0,0,1,0
9.128,1,8.28893089294434,0,0,0,0,0,0,0,0,1,0
10.505,1,8.28893089294434,0,0,0,0,0,0,0,0,1,0
8.851,1,1.3701868057251,0,1,0,0,0,0,0,0,0,0
14.274,1,54.8008298874,0,0,0,0,1,0,0,0,0,0
6.557,1,1.3701868057251,0,1,0,0,0,0,0,0,0,0
35.185,1,0.738396644592285,0,0,1,0,0,0,0,0,0,0
12.715,1,54.8008298874,0,0,0,0,1,0,0,0,0,0
30.329,1,0.738396644592285,0,0,1,0,0,0,0,0,0,0
12.518,1,8.28893089294434,0,0,0,0,0,0,0,0,1,0
10.057,1,54.8008298874,0,0,0,0,1,0,0,0,0,0
30.249,1,0.738396644592285,0,0,1,0,0,0,0,0,0,0
7.142,1,8.28893089294434,0,0,0,0,0,0,0,0,1,0
8.268,1,8.28893089294434,0,0,0,0,0,0,0,0,1,0
9.333,1,1.3701868057251,0,1,0,0,0,0,0,0,0,0
8.928,1,2.24,0,0,0,0,1,0,0,0,0,0
6.83,1,0.998874664306641,0,0,0,1,0,0,0,0,0,0
9.618,1,1.3701868057251,0,1,0,0,0,0,0,0,0,0
6.233,1,8.28893089294434,0,0,0,0,0,0,0,0,1,0
12.558,1,54.8008298874,0,0,0,0,1,0,0,0,0,0
37.344,1,0.738396644592285,0,0,1,0,0,0,0,0,0,0
25.439,1,0.738396644592285,0,0,1,0,0,0,0,0,0,0
30.812,1,20.0407552719116,0,0,1,0,0,0,0,0,1,0
10.256,1,54.8008298874,0,0,0,0,1,0,0,0,0,0
23.187,1,0.738396644592285,0,0,1,0,0,0,0,0,0,0
7.643,1,1.3701868057251,0,1,0,0,0,0,0,0,0,0
12.447,1,0.998874664306641,0,0,0,1,0,0,0,0,0,0
26.042,1,20.0407552719116,0,0,1,0,0,0,0,0,1,0
4.319,1,54.8008298874,0,0,0,0,1,0,0,0,0,0
10.635,2,16.9348630905151,0,0,0,0,0,0,0,1,0,0
13.338,1,2.24,0,0,0,0,1,0,0,0,0,0
11.57,1,0.998874664306641,0,0,0,1,0,0,0,0,0,0
9.236,1,2.24,0,0,0,0,1,0,0,0,0,0
30.238,1,20.0407552719116,0,0,1,0,0,0,0,0,1,0
8.118,1,8.28893089294434,0,0,0,0,0,0,0,0,1,0
35.405,1,20.0407552719116,0,0,1,0,0,0,0,0,1,0
7.071,1,2.24,0,0,0,0,1,0,0,0,0,0
22.814,1,0.738396644592285,0,0,1,0,0,0,0,0,0,0
24.89,1,0.738396644592285,0,0,1,0,0,0,0,0,0,0
13.766,2,16.9348630905151,0,0,0,0,0,0,0,1,0,0
7.963,1,1.3701868057251,0,1,0,0,0,0,0,0,0,0
7.844,1,2.24,0,0,0,0,1,0,0,0,0,0
30.562,1,0.998874664306641,0,0,0,1,0,0,0,0,0,0
14.41,1,0.738396644592285,0,0,1,0,0,0,0,0,0,0
9.344,1,54.8008298874,0,0,0,0,1,0,0,0,0,0
13.405,2,16.9348630905151,0,0,0,0,0,0,0,1,0,0
23.152,1,0.998874664306641,0,0,0,1,0,0,0,0,0,0
4.839,1,2.24,0,0,0,0,1,0,0,0,0,0
6.203,1,1.3701868057251,0,1,0,0,0,0,0,0,0,0
10.831,1,1.3701868057251,0,1,0,0,0,0,0,0,0,0
22.997,1,0.998874664306641,0,0,0,1,0,0,0,0,0,0
6.72,1,8.28893089294434,0,0,0,0,0,0,0,0,1,0
37.285,1,20.0407552719116,0,0,1,0,0,0,0,0,1,0
14.424,1,0.738396644592285,0,0,1,0,0,0,0,0,0,0
9.274,1,2.24,0,0,0,0,1,0,0,0,0,0
7.644,1,0.998874664306641,0,0,0,1,0,0,0,0,0,0
8.283,1,8.28893089294434,0,0,0,0,0,0,0,0,1,0
8.673,1,54.8008298874,0,0,0,0,1,0,0,0,0,0
10.482,1,8.28893089294434,0,0,0,0,0,0,0,0,1,0
10.822,1,0.998874664306641,0,0,0,1,0,0,0,0,0,0
18.074,1,0.738396644592285,0,0,1,0,0,0,0,0,0,0
8.227,1,8.28893089294434,0,0,0,0,0,0,0,0,1,0
4.896,1,1.3701868057251,0,1,0,0,0,0,0,0,0,0
21.368,2,16.9348630905151,0,0,0,0,0,0,0,1,0,0
21.762,1,0.738396644592285,0,0,1,0,0,0,0,0,0,0
7.32,1,0.998874664306641,0,0,0,1,0,0,0,0,0,0
6.435,1,8.28893089294434,0,0,0,0,0,0,0,0,1,0
6.286,1,2.24,0,0,0,0,1,0,0,0,0,0
13.677,1,0.998874664306641,0,0,0,1,0,0,0,0,0,0
19.757,2,16.9348630905151,0,0,0,0,0,0,0,1,0,0
36.115,1,20.0407552719116,0,0,1,0,0,0,0,0,1,0
30.541,1,20.0407552719116,0,0,1,0,0,0,0,0,1,0
12.374,2,16.9348630905151,0,0,0,0,0,0,0,1,0,0
7.227,1,2.24,0,0,0,0,1,0,0,0,0,0
30.805,1,20.0407552719116,0,0,1,0,0,0,0,0,1,0
7.657,1,8.28893089294434,0,0,0,0,0,0,0,0,1,0
7.714,1,2.24,0,0,0,0,1,0,0,0,0,0
11.574,1,0.998874664306641,0,0,0,1,0,0,0,0,0,0
31.983,1,20.0407552719116,0,0,1,0,0,0,0,0,1,0
7.593,1,1.3701868057251,0,1,0,0,0,0,0,0,0,0
7.308,1,2.24,0,0,0,0,1,0,0,0,0,0
6.715,1,2.24,0,0,0,0,1,0,0,0,0,0
10.027,1,2.24,0,0,0,0,1,0,0,0,0,0
9.765,1,8.28893089294434,0,0,0,0,0,0,0,0,1,0
11.925,1,0.998874664306641,0,0,0,1,0,0,0,0,0,0
7.877,1,8.28893089294434,0,0,0,0,0,0,0,0,1,0
29.306,1,20.0407552719116,0,0,1,0,0,0,0,0,1,0
8.626,1,54.8008298874,0,0,0,0,1,0,0,0,0,0
7.518,1,0.998874664306641,0,0,0,1,0,0,0,0,0,0
10.34,1,54.8008298874,0,0,0,0,1,0,0,0,0,0
7.55,1,8.28893089294434,0,0,0,0,0,0,0,0,1,0
32.703,1,20.0407552719116,0,0,1,0,0,0,0,0,1,0
13.385,1,0.998874664306641,0,0,0,1,0,0,0,0,0,0
10.227,1,0.998874664306641,0,0,0,1,0,0,0,0,0,0
42.12,1,20.0407552719116,0,0,1,0,0,0,0,0,1,0
8.462,1,0.998874664306641,0,0,0,1,0,0,0,0,0,0
31.009,1,0.738396644592285,0,0,1,0,0,0,0,0,0,0
7.285,1,54.8008298874,0,0,0,0,1,0,0,0,0,0
32.366,1,20.0407552719116,0,0,1,0,0,0,0,0,1,0
7.184,1,1.3701868057251,0,1,0,0,0,0,0,0,0,0
15.199,1,0.738396644592285,0,0,1,0,0,0,0,0,0,0
19.081,1,0.998874664306641,0,0,0,1,0,0,0,0,0,0
40.147,1,20.0407552719116,0,0,1,0,0,0,0,0,1,0
36.771,1,20.0407552719116,0,0,1,0,0,0,0,0,1,0
31.615,1,20.0407552719116,0,0,1,0,0,0,0,0,1,0
22.276,2,16.9348630905151,0,0,0,0,0,0,0,1,0,0
9.285,1,2.24,0,0,0,0,1,0,0,0,0,0
36.863,50,1065.02231025696,0,0,0,0,0,0,0,0,1,0
10.392,1,54.8008298874,0,0,0,0,1,0,0,0,0,0
9.206,1,2.24,0,0,0,0,1,0,0,0,0,0
8.903,1,54.8008298874,0,0,0,0,1,0,0,0,0,0
8.441,1,8.28893089294434,0,0,0,0,0,0,0,0,1,0
13.181,1,1.3701868057251,0,1,0,0,0,0,0,0,0,0
26.96,1,0.738396644592285,0,0,1,0,0,0,0,0,0,0
12.408,1,1.3701868057251,0,1,0,0,0,0,0,0,0,0
9.756,1,1.3701868057251,0,1,0,0,0,0,0,0,0,0
23.596,1,20.0407552719116,0,0,1,0,0,0,0,0,1,0
7.577,1,54.8008298874,0,0,0,0,1,0,0,0,0,0
9.101,1,2.24,0,0,0,0,1,0,0,0,0,0
12.918,1,1.3701868057251,0,1,0,0,0,0,0,0,0,0
6.144,1,1.3701868057251,0,1,0,0,0,0,0,0,0,0
10.18,1,0.998874664306641,0,0,0,1,0,0,0,0,0,0
33.534,1,0.738396644592285,0,0,1,0,0,0,0,0,0,0
24.568,1,0.738396644592285,0,0,1,0,0,0,0,0,0,0
8.93,1,8.28893089294434,0,0,0,0,0,0,0,0,1,0
27.694,1,20.0407552719116,0,0,1,0,0,0,0,0,1,0
3.651,1,54.8008298874,0,0,0,0,1,0,0,0,0,0
20.286,1,20.0407552719116,0,0,1,0,0,0,0,0,1,0
25.055,1,20.0407552719116,0,0,1,0,0,0,0,0,1,0
16.982,1,0.998874664306641,0,0,0,1,0,0,0,0,0,0
10.678,1,1.3701868057251,0,1,0,0,0,0,0,0,0,0
11.752,1,0.998874664306641,0,0,0,1,0,0,0,0,0,0
34.439,2,16.9348630905151,0,0,0,0,0,0,0,1,0,0
28.567,2,16.9348630905151,0,0,0,0,0,0,0,1,0,0
7.2,1,8.28893089294434,0,0,0,0,0,0,0,0,1,0
6.318,1,8.28893089294434,0,0,0,0,0,0,0,0,1,0
23.699,2,16.9348630905151,0,0,0,0,0,0,0,1,0,0
14.639,2,16.9348630905151,0,0,0,0,0,0,0,1,0,0
8.793,1,1.3701868057251,0,1,0,0,0,0,0,0,0,0
24.347,1,54.8008298874,0,0,0,0,1,0,0,0,0,0
23.079,1,54.8008298874,0,0,0,0,1,0,0,0,0,0
19.619,1,2.24,0,0,0,0,1,0,0,0,0,0
12.787,1,54.8008298874,0,0,0,0,1,0,0,0,0,0
8.139,1,8.28893089294434,0,0,0,0,0,0,0,0,1,0
5.668,1,54.8008298874,0,0,0,0,1,0,0,0,0,0
9.28,1,8.28893089294434,0,0,0,0,0,0,0,0,1,0
4.598,1,2.24,0,0,0,0,1,0,0,0,0,0
8.279,1,1.3701868057251,0,1,0,0,0,0,0,0,0,0
9.156,1,0.998874664306641,0,0,0,1,0,0,0,0,0,0
34.191,1,20.0407552719116,0,0,1,0,0,0,0,0,1,0
23.927,2,16.9348630905151,0,0,0,0,0,0,0,1,0,0
11.258,1,0.998874664306641,0,0,0,1,0,0,0,0,0,0
4.435,1,54.8008298874,0,0,0,0,1,0,0,0,0,0
8.186,1,54.8008298874,0,0,0,0,1,0,0,0,0,0
7.388,1,8.28893089294434,0,0,0,0,0,0,0,0,1,0
6.314,1,54.8008298874,0,0,0,0,1,0,0,0,0,0
12.93,1,0.998874664306641,0,0,0,1,0,0,0,0,0,0
9.654,1,8.28893089294434,0,0,0,0,0,0,0,0,1,0
15.052,1,0.998874664306641,0,0,0,1,0,0,0,0,0,0
10.467,1,0.998874664306641,0,0,0,1,0,0,0,0,0,0
19.292,1,0.738396644592285,0,0,1,0,0,0,0,0,0,0
12.363,1,0.998874664306641,0,0,0,1,0,0,0,0,0,0
8.147,1,1.3701868057251,0,1,0,0,0,0,0,0,0,0
29.999,1,20.0407552719116,0,0,1,0,0,0,0,0,1,0
12.897,1,0.998874664306641,0,0,0,1,0,0,0,0,0,0
23.457,1,20.0407552719116,0,0,1,0,0,0,0,0,1,0
14.021,1,0.998874664306641,0,0,0,1,0,0,0,0,0,0
10.105,1,2.24,0,0,0,0,1,0,0,0,0,0
25.877,1,0.738396644592285,0,0,1,0,0,0,0,0,0,0
15.222,1,54.8008298874,0,0,0,0,1,0,0,0,0,0
12.458,1,54.8008298874,0,0,0,0,1,0,0,0,0,0
24.143,2,16.9348630905151,0,0,0,0,0,0,0,1,0,0
8.545,1,1.3701868057251,0,1,0,0,0,0,0,0,0,0
16.468,2,16.9348630905151,0,0,0,0,0,0,0,1,0,0
8.703,1,54.8008298874,0,0,0,0,1,0,0,0,0,0
10.637,1,1.3701868057251,0,1,0,0,0,0,0,0,0,0
18.941,1,0.998874664306641,0,0,0,1,0,0,0,0,0,0
17.656,1,0.738396644592285,0,0,1,0,0,0,0,0,0,0
15.18,1,0.998874664306641,0,0,0,1,0,0,0,0,0,0
10.488,1,0.998874664306641,0,0,0,1,0,0,0,0,0,0
9.604,1,1.3701868057251,0,1,0,0,0,0,0,0,0,0
8.931,1,8.28893089294434,0,0,0,0,0,0,0,0,1,0
11.969,1,0.738396644592285,0,0,1,0,0,0,0,0,0,0
28.16,1,20.0407552719116,0,0,1,0,0,0,0,0,1,0
8.848,1,54.8008298874,0,0,0,0,1,0,0,0,0,0
11.355,1,8.28893089294434,0,0,0,0,0,0,0,0,1,0
10.783,1,8.28893089294434,0,0,0,0,0,0,0,0,1,0
6.394,1,1.3701868057251,0,1,0,0,0,0,0,0,0,0
7.536,1,2.24,0,0,0,0,1,0,0,0,0,0
8.997,1,8.28893089294434,0,0,0,0,0,0,0,0,1,0
8.901,1,2.24,0,0,0,0,1,0,0,0,0,0
25.632,1,0.998874664306641,0,0,0,1,0,0,0,0,0,0
102.369,50,1065.02231025696,0,0,0,0,0,0,0,0,1,0
29.731,1,0.998874664306641,0,0,0,1,0,0,0,0,0,0
16.941,1,0.738396644592285,0,0,1,0,0,0,0,0,0,0
28.049,1,0.998874664306641,0,0,0,1,0,0,0,0,0,0
20.628,1,0.998874664306641,0,0,0,1,0,0,0,0,0,0
41.087,1,20.0407552719116,0,0,1,0,0,0,0,0,1,0
11.519,1,1.3701868057251,0,1,0,0,0,0,0,0,0,0
11.873,2,16.9348630905151,0,0,0,0,0,0,0,1,0,0
12.142,1,0.998874664306641,0,0,0,1,0,0,0,0,0,0
42.931,1,20.0407552719116,0,0,1,0,0,0,0,0,1,0
34.625,1,0.738396644592285,0,0,1,0,0,0,0,0,0,0
23.676,1,1.3701868057251,0,1,0,0,0,0,0,0,0,0
8.887,1,1.3701868057251,0,1,0,0,0,0,0,0,0,0
7.574,1,2.24,0,0,0,0,1,0,0,0,0,0
50.122,1,20.0407552719116,0,0,1,0,0,0,0,0,1,0
39.554,1,20.0407552719116,0,0,1,0,0,0,0,0,1,0
43.865,1,0.738396644592285,0,0,1,0,0,0,0,0,0,0
21.978,2,16.9348630905151,0,0,0,0,0,0,0,1,0,0
32.322,1,0.738396644592285,0,0,1,0,0,0,0,0,0,0
12.5,1,0.998874664306641,0,0,0,1,0,0,0,0,0,0
26.185,1,20.0407552719116,0,0,1,0,0,0,0,0,1,0
21.854,1,0.738396644592285,0,0,1,0,0,0,0,0,0,0
17.439,1,0.738396644592285,0,0,1,0,0,0,0,0,0,0
16.572,1,1.3701868057251,0,1,0,0,0,0,0,0,0,0
11.567,1,1.3701868057251,0,1,0,0,0,0,0,0,0,0
23.521,2,16.9348630905151,0,0,0,0,0,0,0,1,0,0
23.903,1,20.0407552719116,0,0,1,0,0,0,0,0,1,0
8.633,1,54.8008298874,0,0,0,0,1,0,0,0,0,0
8.121,1,54.8008298874,0,0,0,0,1,0,0,0,0,0
23.071,2,16.9348630905151,0,0,0,0,0,0,0,1,0,0
10.526,2,16.9348630905151,0,0,0,0,0,0,0,1,0,0
18.712,1,0.738396644592285,0,0,1,0,0,0,0,0,0,0
7.751,1,2.24,0,0,0,0,1,0,0,0,0,0
9.069,1,54.8008298874,0,0,0,0,1,0,0,0,0,0
14.863,1,0.738396644592285,0,0,1,0,0,0,0,0,0,0
12.335,1,8.28893089294434,0,0,0,0,0,0,0,0,1,0
40.177,1,20.0407552719116,0,0,1,0,0,0,0,0,1,0
7.807,1,54.8008298874,0,0,0,0,1,0,0,0,0,0
50.1,1,20.0407552719116,0,0,1,0,0,0,0,0,1,0
7.979,1,54.8008298874,0,0,0,0,1,0,0,0,0,0
8.479,1,54.8008298874,0,0,0,0,1,0,0,0,0,0
17.277,1,8.28893089294434,0,0,0,0,0,0,0,0,1,0
5.084,1,54.8008298874,0,0,0,0,1,0,0,0,0,0
17.348,1,0.738396644592285,0,0,1,0,0,0,0,0,0,0
11.986,1,0.998874664306641,0,0,0,1,0,0,0,0,0,0
20.517,1,8.28893089294434,0,0,0,0,0,0,0,0,1,0
20.566,1,0.738396644592285,0,0,1,0,0,0,0,0,0,0
10.245,1,0.998874664306641,0,0,0,1,0,0,0,0,0,0
13.071,1,8.28893089294434,0,0,0,0,0,0,0,0,1,0
11.594,1,0.998874664306641,0,0,0,1,0,0,0,0,0,0
4.715,1,2.24,0,0,0,0,1,0,0,0,0,0
29.501,2,16.9348630905151,0,0,0,0,0,0,0,1,0,0
19.288,2,16.9348630905151,0,0,0,0,0,0,0,1,0,0
11.552,1,0.738396644592285,0,0,1,0,0,0,0,0,0,0
11.747,1,8.28893089294434,0,0,0,0,0,0,0,0,1,0
7.325,1,1.3701868057251,0,1,0,0,0,0,0,0,0,0
23.899,1,2.24,0,0,0,0,1,0,0,0,0,0
15.582,2,16.9348630905151,0,0,0,0,0,0,0,1,0,0
21.235,1,2.24,0,0,0,0,1,0,0,0,0,0
9.679,1,8.28893089294434,0,0,0,0,0,0,0,0,1,0
28.674,1,2.24,0,0,0,0,1,0,0,0,0,0
11.275,1,0.998874664306641,0,0,0,1,0,0,0,0,0,0
24.781,1,2.24,0,0,0,0,1,0,0,0,0,0
28.721,1,2.24,0,0,0,0,1,0,0,0,0,0
21.286,1,54.8008298874,0,0,0,0,1,0,0,0,0,0
7.188,1,1.3701868057251,0,1,0,0,0,0,0,0,0,0
16.588,1,0.998874664306641,0,0,0,1,0,0,0,0,0,0
23.288,1,54.8008298874,0,0,0,0,1,0,0,0,0,0
15.769,1,2.24,0,0,0,0,1,0,0,0,0,0
8.297,1,54.8008298874,0,0,0,0,1,0,0,0,0,0
13.692,1,0.998874664306641,0,0,0,1,0,0,0,0,0,0
9.459,1,0.998874664306641,0,0,0,1,0,0,0,0,0,0
12.153,2,16.9348630905151,0,0,0,0,0,0,0,1,0,0
10.925,1,0.998874664306641,0,0,0,1,0,0,0,0,0,0
12.17,1,8.28893089294434,0,0,0,0,0,0,0,0,1,0
11.501,1,8.28893089294434,0,0,0,0,0,0,0,0,1,0
20.175,1,0.738396644592285,0,0,1,0,0,0,0,0,0,0
16.532,1,1.3701868057251,0,1,0,0,0,0,0,0,0,0
8.649,1,1.3701868057251,0,1,0,0,0,0,0,0,0,0
13.191,1,0.738396644592285,0,0,1,0,0,0,0,0,0,0
16.267,1,0.738396644592285,0,0,1,0,0,0,0,0,0,0
7.671,1,54.8008298874,0,0,0,0,1,0,0,0,0,0
11.161,2,16.9348630905151,0,0,0,0,0,0,0,1,0,0
54.361,48,47.9316864013672,0,0,1,0,0,0,0,0,0,0
12.112,1,8.28893089294434,0,0,0,0,0,0,0,0,1,0
9.846,1,0.998874664306641,0,0,0,1,0,0,0,0,0,0
5.122,1,2.24,0,0,0,0,1,0,0,0,0,0
10.139,1,1.3701868057251,0,1,0,0,0,0,0,0,0,0
15.1,1,0.738396644592285,0,0,1,0,0,0,0,0,0,0
7.899,1,0.998874664306641,0,0,0,1,0,0,0,0,0,0
4.982,1,1.3701868057251,0,1,0,0,0,0,0,0,0,0
6.817,1,8.28893089294434,0,0,0,0,0,0,0,0,1,0
6.296,1,54.8008298874,0,0,0,0,1,0,0,0,0,0
34.272,1,20.0407552719116,0,0,1,0,0,0,0,0,1,0
20.942,1,0.738396644592285,0,0,1,0,0,0,0,0,0,0
8.942,1,0.998874664306641,0,0,0,1,0,0,0,0,0,0
7.398,1,2.24,0,0,0,0,1,0,0,0,0,0
9.729,1,8.28893089294434,0,0,0,0,0,0,0,0,1,0
32.658,2,16.9348630905151,0,0,0,0,0,0,0,1,0,0
38.961,1,20.0407552719116,0,0,1,0,0,0,0,0,1,0
17.073,1,54.8008298874,0,0,0,0,1,0,0,0,0,0
15.087,1,2.24,0,0,0,0,1,0,0,0,0,0
15.551,1,8.28893089294434,0,0,0,0,0,0,0,0,1,0
14.301,1,2.24,0,0,0,0,1,0,0,0,0,0
9.297,1,54.8008298874,0,0,0,0,1,0,0,0,0,0
29.449,1,20.0407552719116,0,0,1,0,0,0,0,0,1,0
10.568,1,0.738396644592285,0,0,1,0,0,0,0,0,0,0
15.994,1,8.28893089294434,0,0,0,0,0,0,0,0,1,0
11.165,1,8.28893089294434,0,0,0,0,0,0,0,0,1,0
13.77,1,8.28893089294434,0,0,0,0,0,0,0,0,1,0
6.505,1,54.8008298874,0,0,0,0,1,0,0,0,0,0
26.045,1,20.0407552719116,0,0,1,0,0,0,0,0,1,0
13.841,1,0.738396644592285,0,0,1,0,0,0,0,0,0,0
26.18,1,0.998874664306641,0,0,0,1,0,0,0,0,0,0
10.799,1,8.28893089294434,0,0,0,0,0,0,0,0,1,0
12.422,1,0.738396644592285,0,0,1,0,0,0,0,0,0,0
12.521,2,16.9348630905151,0,0,0,0,0,0,0,1,0,0
24.148,1,20.0407552719116,0,0,1,0,0,0,0,0,1,0
11.559,1,2.24,0,0,0,0,1,0,0,0,0,0
11.939,1,0.738396644592285,0,0,1,0,0,0,0,0,0,0
31.504,1,0.998874664306641,0,0,0,1,0,0,0,0,0,0
22.893,1,0.998874664306641,0,0,0,1,0,0,0,0,0,0
7.617,1,54.8008298874,0,0,0,0,1,0,0,0,0,0
16.508,1,0.998874664306641,0,0,0,1,0,0,0,0,0,0
6.903,1,0.998874664306641,0,0,0,1,0,0,0,0,0,0
13.616,1,0.738396644592285,0,0,1,0,0,0,0,0,0,0
7.301,1,2.24,0,0,0,0,1,0,0,0,0,0
7.296,1,54.8008298874,0,0,0,0,1,0,0,0,0,0
8.259,1,0.998874664306641,0,0,0,1,0,0,0,0,0,0
11.784,1,8.28893089294434,0,0,0,0,0,0,0,0,1,0
10.238,2,16.9348630905151,0,0,0,0,0,0,0,1,0,0
27.718,1,0.738396644592285,0,0,1,0,0,0,0,0,0,0
35.102,1,20.0407552719116,0,0,1,0,0,0,0,0,1,0
7.615,1,54.8008298874,0,0,0,0,1,0,0,0,0,0
19.266,1,0.738396644592285,0,0,1,0,0,0,0,0,0,0
6.013,1,2.24,0,0,0,0,1,0,0,0,0,0
32.873,1,20.0407552719116,0,0,1,0,0,0,0,0,1,0
7.428,1,0.998874664306641,0,0,0,1,0,0,0,0,0,0
21.577,1,0.738396644592285,0,0,1,0,0,0,0,0,0,0
9.31,1,54.8008298874,0,0,0,0,1,0,0,0,0,0
10.303,1,8.28893089294434,0,0,0,0,0,0,0,0,1,0
28.655,1,0.738396644592285,0,0,1,0,0,0,0,0,0,0
11.873,1,1.3701868057251,0,1,0,0,0,0,0,0,0,0
15.49,2,16.9348630905151,0,0,0,0,0,0,0,1,0,0
28.92,1,0.738396644592285,0,0,1,0,0,0,0,0,0,0
11.959,1,1.3701868057251,0,1,0,0,0,0,0,0,0,0
9.563,1,8.28893089294434,0,0,0,0,0,0,0,0,1,0
28.573,1,20.0407552719116,0,0,1,0,0,0,0,0,1,0
8.128,1,54.8008298874,0,0,0,0,1,0,0,0,0,0
27.795,1,0.738396644592285,0,0,1,0,0,0,0,0,0,0
24.616,1,0.738396644592285,0,0,1,0,0,0,0,0,0,0
19.449,1,0.998874664306641,0,0,0,1,0,0,0,0,0,0
10.015,1,54.8008298874,0,0,0,0,1,0,0,0,0,0
11.866,1,0.998874664306641,0,0,0,1,0,0,0,0,0,0
4.549,1,54.8008298874,0,0,0,0,1,0,0,0,0,0
8.361,1,0.998874664306641,0,0,0,1,0,0,0,0,0,0
12.057,1,1.3701868057251,0,1,0,0,0,0,0,0,0,0
55.704,1,20.0407552719116,0,0,1,0,0,0,0,0,1,0
45.841,1,20.0407552719116,0,0,1,0,0,0,0,0,1,0
44.311,1,20.0407552719116,0,0,1,0,0,0,0,0,1,0
37.23,1,20.0407552719116,0,0,1,0,0,0,0,0,1,0
11.377,2,16.9348630905151,0,0,0,0,0,0,0,1,0,0
5.937,1,2.24,0,0,0,0,1,0,0,0,0,0
13.246,1,0.738396644592285,0,0,1,0,0,0,0,0,0,0
5.471,1,1.3701868057251,0,1,0,0,0,0,0,0,0,0
15.305,1,0.738396644592285,0,0,1,0,0,0,0,0,0,0
16.193,2,16.9348630905151,0,0,0,0,0,0,0,1,0,0
19.062,1,8.28893089294434,0,0,0,0,0,0,0,0,1,0
18.701,1,1.3701868057251,0,1,0,0,0,0,0,0,0,0
10.687,1,1.3701868057251,0,1,0,0,0,0,0,0,0,0
19.072,1,0.738396644592285,0,0,1,0,0,0,0,0,0,0
5.784,1,1.3701868057251,0,1,0,0,0,0,0,0,0,0
4.94,1,54.8008298874,0,0,0,0,1,0,0,0,0,0
81.514,1,20.0407552719116,0,0,1,0,0,0,0,0,1,0
15.199,1,8.28893089294434,0,0,0,0,0,0,0,0,1,0
8.146,1,1.3701868057251,0,1,0,0,0,0,0,0,0,0
6.676,1,8.28893089294434,0,0,0,0,0,0,0,0,1,0
18.58,1,0.998874664306641,0,0,0,1,0,0,0,0,0,0
73.549,1,20.0407552719116,0,0,1,0,0,0,0,0,1,0
8.936,1,1.3701868057251,0,1,0,0,0,0,0,0,0,0
6.765,1,8.28893089294434,0,0,0,0,0,0,0,0,1,0
7.933,1,54.8008298874,0,0,0,0,1,0,0,0,0,0
7.062,1,54.8008298874,0,0,0,0,1,0,0,0,0,0
9.178,1,54.8008298874,0,0,0,0,1,0,0,0,0,0
58.866,1,20.0407552719116,0,0,1,0,0,0,0,0,1,0
5.476,1,2.24,0,0,0,0,1,0,0,0,0,0
8.859,1,8.28893089294434,0,0,0,0,0,0,0,0,1,0
20.314,1,0.998874664306641,0,0,0,1,0,0,0,0,0,0
8.984,1,54.8008298874,0,0,0,0,1,0,0,0,0,0
10.37,1,0.998874664306641,0,0,0,1,0,0,0,0,0,0
13.832,1,54.8008298874,0,0,0,0,1,0,0,0,0,0
13.113,2,16.9348630905151,0,0,0,0,0,0,0,1,0,0
7.962,1,8.28893089294434,0,0,0,0,0,0,0,0,1,0
12.372,1,0.738396644592285,0,0,1,0,0,0,0,0,0,0
22.249,1,54.8008298874,0,0,0,0,1,0,0,0,0,0
14.917,1,2.24,0,0,0,0,1,0,0,0,0,0
8.399,1,54.8008298874,0,0,0,0,1,0,0,0,0,0
13.636,1,1.3701868057251,0,1,0,0,0,0,0,0,0,0
5.865,1,1.3701868057251,0,1,0,0,0,0,0,0,0,0
10.672,1,0.738396644592285,0,0,1,0,0,0,0,0,0,0
49.465,1,20.0407552719116,0,0,1,0,0,0,0,0,1,0
33.508,2,16.9348630905151,0,0,0,0,0,0,0,1,0,0
6.739,1,2.24,0,0,0,0,1,0,0,0,0,0
26.708,1,0.738396644592285,0,0,1,0,0,0,0,0,0,0
48.525,1,20.0407552719116,0,0,1,0,0,0,0,0,1,0
44.292,1,20.0407552719116,0,0,1,0,0,0,0,0,1,0
22.161,1,0.998874664306641,0,0,0,1,0,0,0,0,0,0
15.475,1,8.28893089294434,0,0,0,0,0,0,0,0,1,0
65.116,2,16.9348630905151,0,0,0,0,0,0,0,1,0,0
17.88,1,54.8008298874,0,0,0,0,1,0,0,0,0,0
21.682,1,0.998874664306641,0,0,0,1,0,0,0,0,0,0
15.465,1,0.998874664306641,0,0,0,1,0,0,0,0,0,0
62.734,2,16.9348630905151,0,0,0,0,0,0,0,1,0,0
6.687,1,8.28893089294434,0,0,0,0,0,0,0,0,1,0
7.446,1,1.3701868057251,0,1,0,0,0,0,0,0,0,0
6.62,1,1.3701868057251,0,1,0,0,0,0,0,0,0,0
5.056,1,54.8008298874,0,0,0,0,1,0,0,0,0,0
4.76,1,54.8008298874,0,0,0,0,1,0,0,0,0,0
26.525,1,20.0407552719116,0,0,1,0,0,0,0,0,1,0
4.859,1,54.8008298874,0,0,0,0,1,0,0,0,0,0
8.169,1,8.28893089294434,0,0,0,0,0,0,0,0,1,0
24.907,1,20.0407552719116,0,0,1,0,0,0,0,0,1,0
11.013,1,0.738396644592285,0,0,1,0,0,0,0,0,0,0
8.16,1,8.28893089294434,0,0,0,0,0,0,0,0,1,0
8.72,1,8.28893089294434,0,0,0,0,0,0,0,0,1,0
4.483,1,2.24,0,0,0,0,1,0,0,0,0,0
5.309,1,2.24,0,0,0,0,1,0,0,0,0,0
5.22,1,2.24,0,0,0,0,1,0,0,0,0,0
11.197,1,0.998874664306641,0,0,0,1,0,0,0,0,0,0
8.885,1,8.28893089294434,0,0,0,0,0,0,0,0,1,0
9.259,1,0.998874664306641,0,0,0,1,0,0,0,0,0,0
13.554,1,8.28893089294434,0,0,0,0,0,0,0,0,1,0
4.676,1,54.8008298874,0,0,0,0,1,0,0,0,0,0
13.277,2,16.9348630905151,0,0,0,0,0,0,0,1,0,0
24.114,1,20.0407552719116,0,0,1,0,0,0,0,0,1,0
6.277,1,1.3701868057251,0,1,0,0,0,0,0,0,0,0
4.166,1,54.8008298874,0,0,0,0,1,0,0,0,0,0
21.875,1,20.0407552719116,0,0,1,0,0,0,0,0,1,0
4.017,1,54.8008298874,0,0,0,0,1,0,0,0,0,0
7.413,1,1.3701868057251,0,1,0,0,0,0,0,0,0,0
7.819,1,1.3701868057251,0,1,0,0,0,0,0,0,0,0
5.189,1,2.24,0,0,0,0,1,0,0,0,0,0
4.487,1,2.24,0,0,0,0,1,0,0,0,0,0
3.655,1,2.24,0,0,0,0,1,0,0,0,0,0
8.609,1,1.3701868057251,0,1,0,0,0,0,0,0,0,0
4.276,1,1.3701868057251,0,1,0,0,0,0,0,0,0,0
9.461,1,0.738396644592285,0,0,1,0,0,0,0,0,0,0
11.221,1,0.738396644592285,0,0,1,0,0,0,0,0,0,0
4.257,1,54.8008298874,0,0,0,0,1,0,0,0,0,0
20.235,1,20.0407552719116,0,0,1,0,0,0,0,0,1,0
10.017,1,0.738396644592285,0,0,1,0,0,0,0,0,0,0
5.022,1,54.8008298874,0,0,0,0,1,0,0,0,0,0
12.752,1,0.998874664306641,0,0,0,1,0,0,0,0,0,0
10.126,1,0.998874664306641,0,0,0,1,0,0,0,0,0,0
11.781,1,0.738396644592285,0,0,1,0,0,0,0,0,0,0
20.613,1,20.0407552719116,0,0,1,0,0,0,0,0,1,0
4.744,1,2.24,0,0,0,0,1,0,0,0,0,0
12.577,1,0.738396644592285,0,0,1,0,0,0,0,0,0,0
4.162,1,2.24,0,0,0,0,1,0,0,0,0,0
4.669,1,2.24,0,0,0,0,1,0,0,0,0,0
13.267,1,0.738396644592285,0,0,1,0,0,0,0,0,0,0
4.04,1,2.24,0,0,0,0,1,0,0,0,0,0
4.667,1,54.8008298874,0,0,0,0,1,0,0,0,0,0
4.039,1,54.8008298874,0,0,0,0,1,0,0,0,0,0
5.699,1,54.8008298874,0,0,0,0,1,0,0,0,0,0
5.469,1,2.24,0,0,0,0,1,0,0,0,0,0
3.951,1,2.24,0,0,0,0,1,0,0,0,0,0
51.42,48,47.9316864013672,0,0,1,0,0,0,0,0,0,0
12.314,1,0.998874664306641,0,0,0,1,0,0,0,0,0,0
11.681,1,0.738396644592285,0,0,1,0,0,0,0,0,0,0
6.711,1,1.3701868057251,0,1,0,0,0,0,0,0,0,0
13.402,2,16.9348630905151,0,0,0,0,0,0,0,1,0,0
10.114,1,0.998874664306641,0,0,0,1,0,0,0,0,0,0
27.134,1,20.0407552719116,0,0,1,0,0,0,0,0,1,0
6.104,1,8.28893089294434,0,0,0,0,0,0,0,0,1,0
27.867,1,20.0407552719116,0,0,1,0,0,0,0,0,1,0
11.998,2,16.9348630905151,0,0,0,0,0,0,0,1,0,0
17.28,2,16.9348630905151,0,0,0,0,0,0,0,1,0,0
20.019,2,16.9348630905151,0,0,0,0,0,0,0,1,0,0
19.872,1,0.998874664306641,0,0,0,1,0,0,0,0,0,0
26.236,1,20.0407552719116,0,0,1,0,0,0,0,0,1,0
7.935,1,8.28893089294434,0,0,0,0,0,0,0,0,1,0
21.924,1,0.998874664306641,0,0,0,1,0,0,0,0,0,0
20.102,1,20.0407552719116,0,0,1,0,0,0,0,0,1,0
4.176,1,2.24,0,0,0,0,1,0,0,0,0,0
8.499,1,0.998874664306641,0,0,0,1,0,0,0,0,0,0
3.749,1,54.8008298874,0,0,0,0,1,0,0,0,0,0
7.738,1,2.24,0,0,0,0,1,0,0,0,0,0
6.842,1,1.3701868057251,0,1,0,0,0,0,0,0,0,0
12.827,1,0.738396644592285,0,0,1,0,0,0,0,0,0,0
14.507,1,0.738396644592285,0,0,1,0,0,0,0,0,0,0
17.743,2,16.9348630905151,0,0,0,0,0,0,0,1,0,0
16.919,1,0.998874664306641,0,0,0,1,0,0,0,0,0,0
5.957,1,54.8008298874,0,0,0,0,1,0,0,0,0,0
12.21,1,0.998874664306641,0,0,0,1,0,0,0,0,0,0
9.376,1,1.3701868057251,0,1,0,0,0,0,0,0,0,0
6.445,1,2.24,0,0,0,0,1,0,0,0,0,0
7.598,1,1.3701868057251,0,1,0,0,0,0,0,0,0,0
5.764,1,54.8008298874,0,0,0,0,1,0,0,0,0,0
6.226,1,54.8008298874,0,0,0,0,1,0,0,0,0,0
6.939,1,54.8008298874,0,0,0,0,1,0,0,0,0,0
11.84,1,0.738396644592285,0,0,1,0,0,0,0,0,0,0
6.778,1,2.24,0,0,0,0,1,0,0,0,0,0
5.572,1,54.8008298874,0,0,0,0,1,0,0,0,0,0
4.555,1,2.24,0,0,0,0,1,0,0,0,0,0
12.676,1,0.738396644592285,0,0,1,0,0,0,0,0,0,0
26.469,1,20.0407552719116,0,0,1,0,0,0,0,0,1,0
11.491,1,0.998874664306641,0,0,0,1,0,0,0,0,0,0